matched_term,file_name,match_line_number,definite_option,indefinite_option,target,token,force,position,modifier,unique_id,copular_use,child,interaction,context_pre_1,context_pre_2,context_pre_3,context_pre_4,context_pre_5,context_pre_6,context_pre_7,context_pre_8,context_pre_9,context_pre_10,matched_line,context_post_1,context_post_2,Sample_Set,factors
that's the easy part.,andy_fathertoy.cha,719,the,an,definite,the,declarative,object,easy,10.01,yes,andy,father,FATHER: \t I hope we remember what goes where.,FATHER: \t don't we forget this blue one now.,FATHER: \t and I'll get the wheel ones.,CHILD: \t yeah look it happened.,CHILD: \t it turns around.,FATHER: \t [laugh],"CHILD: \t but Dad, we're gonna have to move this around.",CHILD: \t but we know where these pieces go.,CHILD: \t watch.,FATHER: \t yeah.,FATHER: \t that's the easy part.,FATHER: \t you get that blue one?,CHILD: \t sure.,n/a,definite
must be a red one.,andy_fathertoy.cha,1166,the,a,indefinite,a,declarative,object,red,10.02,yes,andy,father,FATHER: \t okay.,CHILD: \t where's the screws?,FATHER: \t what kind of screws?,FATHER: \t was they blue?,CHILD: \t yup.,FATHER: \t let's see.,FATHER: \t is there a hole there for that screw?,FATHER: \t no.,FATHER: \t ...can you put that in now?,FATHER: \t is it a blue screw or a red one?,FATHER: \t must be a red one.,FATHER: \t ...okay.,CHILD: \t [noise],n/a,indefinite
we have a couple of toys.,bobby_fathertoy.cha,549,the,a,indefinite,a,declarative,object,n/a,10.03,no,bobby,father,FATHER: \t well hi.,FATHER: \t how are you?,CHILD: \t hi.,FATHER: \t what can I do for ya?,CHILD: \t I want some toys.,FATHER: \t some toys?,CHILD: \t yeah.,FATHER: \t well.,FATHER: \t I don't think we have any toys…,FATHER: \t well.,FATHER: \t we have a couple of toys.,CHILD: \t yeah I want…,FATHER: \t we have mostly food.,n/a,indefinite
"you're doing a big big... uh order, aren't you?",bobby_fathertoy.cha,723,the,a,indefinite,a,interrogative,object,big,10.04,no,bobby,father,FATHER: \t all of them.,FATHER: \t okay.,FATHER: \t what else do you need?,FATHER: \t anything else?,CHILD: \t eggs.,FATHER: \t eggs.,FATHER: \t okay.,FATHER: \t all... this whole big one?,CHILD: \t yeah.,FATHER: \t [whistle] whew.,"FATHER: \t you're doing a big big... uh order, aren't you?",CHILD: \t and milk.,FATHER: \t ya need milk.,n/a,indefinite
"Bobby, thank you very much for coming we have a present for you.",bobby_fathertoy.cha,3062,the,a,indefinite,a,declarative,object,n/a,10.05,no,bobby,father,INVESTIGATOR: \t hi.,INVESTIGATOR: \t I'm Lise Menn.,INVESTIGATOR: \t [noise],INVESTIGATOR: \t thank you very much for coming.,FATHER: \t we're all done.,FATHER: \t okay.,"INVESTIGATOR: \t hi, Bobby.",CHILD: \t hi.,FATHER: \t wanna hurry up and put it back together again.,CHILD: \t yeah.,"INVESTIGATOR: \t Bobby, thank you very much for coming we have a present for you.",FATHER: \t [gasp] what do you say.,CHILD: \t thank you.,n/a,indefinite
you're going to give me a dollar?,bobby_mothertoy.cha,989,the,a,indefinite,a,interrogative,object,n/a,10.06,no,bobby,mother,MOTHER: \t so what...,MOTHER: \t how many dollars do I have there?,"CHILD: \t okay, you need…","MOTHER: \t anything, no.",MOTHER: \t I think Robert likes Nestles with cocoa.,CHILD: \t [noise],"MOTHER: \t oh, you want the strawberry stuff?",MOTHER: \t do you want me to buy that and take it home?,MOTHER: \t can I have some money to play store with you?,CHILD: \t yeah.,MOTHER: \t you're going to give me a dollar?,CHILD: \t yeah.,MOTHER: \t why don't I pay you for the uh cocoa.,n/a,indefinite
the whole house is like full of little projects that she's started.,david_dinner.cha,2447,the,a,definite,the,declarative,object,whole,10.07,yes,david,dinner,MOTHER: \t wipe it off on this.,FATHER: \t here.,"FATHER: \t no, give him that one.",MOTHER: \t you gotta wipe it off.,FATHER: \t okay.,MOTHER: \t wipe it off.,FATHER: \t that's right.,MOTHER: \t um... this...,"MOTHER: \t she put about three thousand dollars into this, um, quilting business and she hasn't made any money on it.",MOTHER: \t and she uses the basement for...,MOTHER: \t the whole house is like full of little projects that she's started.,"MOTHER: \t little rugs and... things, weaving...",FATHER: \t nice rugs?,n/a,definite
what's the cat doing now?,david_fathertoy.cha,1987,the,a,definite,the,interrogative,object,n/a,10.08,yes,david,father,FATHER: \t then the people... go after her.,CHILD: \t yeah.,FATHER: \t and.,FATHER: \t who catches the cat?,CHILD: \t which...,CHILD: \t the boy.,FATHER: \t yeah.,FATHER: \t and.,FATHER: \t then what happens?,CHILD: \t I don't know.,FATHER: \t what's the cat doing now?,CHILD: \t what happened to the lady?,FATHER: \t looks like she's holding the boy's ear.,n/a,definite
that's a nickel.,david_mothertoy.cha,550,the,a,indefinite,a,declarative,object,n/a,10.09,yes,david,mother,MOTHER: \t I will.,MOTHER: \t but what's that?,MOTHER: \t tell me what that is.,CHILD: \t nickel.,CHILD: \t and here's and here's one penny for it.,MOTHER: \t that's a penny.,MOTHER: \t thank you.,MOTHER: \t but you know what?,MOTHER: \t I wanna tell you so you'll know.,MOTHER: \t that's a penny.,MOTHER: \t that's a nickel.,MOTHER: \t cause it's big and fat.,MOTHER: \t and that's a dime.,n/a,indefinite
will you show me how to take the car apart?,david_mothertoy.cha,851,the,a,definite,the,interrogative,object,n/a,10.1,no,david,mother,MOTHER: \t thank you.,MOTHER: \t okay.,MOTHER: \t now.,MOTHER: \t what do...,MOTHER: \t do you want to play store more?,MOTHER: \t or do you want to play with those toys up there?,MOTHER: \t you tell me.,CHILD: \t uh.,MOTHER: \t hmm?,CHILD: \t uh I'm gonna show me the ... things.,MOTHER: \t will you show me how to take the car apart?,CHILD: \t yeah.,MOTHER: \t well.,n/a,definite
and look the cat is is on top of that little boy's head.,david_mothertoy.cha,2864,the,a,definite,the,declarative,subject,n/a,10.11,yes,david,mother,MOTHER: \t and they are so angry this little boy and girl... who are dressed up like a lady and a policeman.,MOTHER: \t I think they're really determined to get the cat now.,MOTHER: \t but who get him?,MOTHER: \t who got the cat?,CHILD: \t the boy.,MOTHER: \t the little boy.,MOTHER: \t right.,MOTHER: \t the one that was wearing the Batman shirt.,MOTHER: \t he caught the cat.,MOTHER: \t oh.,MOTHER: \t and look the cat is is on top of that little boy's head.,MOTHER: \t does he look very happy ?,CHILD: \t hunhunh.,n/a,definite
the little bit that I did fell out.,david_mothertoy.cha,3528,the,a,definite,the,declarative,subject,little,10.12,no,david,mother,MOTHER: \t this is getting ripped.,CHILD: \t I know.,CHILD: \t that's because all the people are coming and checking and ripping and sitting.,MOTHER: \t [noise],CHILD: \t take that thing out.,MOTHER: \t uh oh.,MOTHER: \t uh oh.,CHILD: \t what happened?,MOTHER: \t uh oh.,MOTHER: \t [noise],MOTHER: \t the little bit that I did fell out.,CHILD: \t which fell out?,MOTHER: \t the little nuts that I put back in.,n/a,definite
that's a lady.,eddie_fathertoy.cha,1522,the,a,indefinite,a,declarative,object,n/a,10.13,yes,eddie,father,CHILD: \t this doesn't have no pages to read.,FATHER: \t well that's okay.,FATHER: \t do you know what it's about?,FATHER: \t it's about a...,CHILD: \t cat.,FATHER: \t about a cat.,FATHER: \t now what's this here?,CHILD: \t he went...,FATHER: \t now there's a woman.,CHILD: \t and a...,FATHER: \t that's a lady.,CHILD: \t cat.,CHILD: \t ha.,n/a,indefinite
"he's a mess, isn't he?",eddie_mothertoy.cha,1549,the,a,indefinite,a,interrogative,object,n/a,10.14,yes,eddie,mother,CHILD: \t the mother.,MOTHER: \t now what's going to happen I wonder?,CHILD: \t I think the cat's...,MOTHER: \t can you think?,MOTHER: \t can you think what's going to happen?,CHILD: \t [laugh],MOTHER: \t what is going on here?,MOTHER: \t what is going on?,CHILD: \t the boy is right in the carriage.,MOTHER: \t oh and look at the poor policeman.,"MOTHER: \t he's a mess, isn't he?",MOTHER: \t all wet.,"MOTHER: \t he can't walk very well because he fell off a branch, right?",n/a,indefinite
"he doesn't go to the pool very much, does he?",frank_dinner.cha,470,the,a,definite,the,declarative,prepositional,n/a,10.15,no,frank,dinner,MOTHER: \t I...,MOTHER: \t no.,MOTHER: \t I said after...,MOTHER: \t no I didn't.,CHILD: \t you didn't?,FATHER: \t do they live on the third floor?,CHILD: \t uh huh.,MOTHER: \t I didn't say I wanted to come.,MOTHER: \t I just said to come home in half an hour.,FATHER: \t think you'll play with him tomorrow?,"FATHER: \t he doesn't go to the pool very much, does he?",MOTHER: \t they live in Florida and uh…,CHILD: \t no they don't.,n/a,definite
that's where the extra tire is kept.,guy_fathertoy.cha,1346,the,an,definite,the,declarative,subject,extra,10.16,yes,guy,father,CHILD: \t I did it.,FATHER: \t yes you did.,"FATHER: \t okay, what else would you like to do?",CHILD: \t the motor.,FATHER: \t the motor.,FATHER: \t where is the motor?,CHILD: \t inside here.,FATHER: \t really?,FATHER: \t ah.,FATHER: \t that's the trunk.,FATHER: \t that's where the extra tire is kept.,FATHER: \t where do you think the motor is if this is the trunk?,CHILD: \t hey.,n/a,definite
there's still a motor?,guy_fathertoy.cha,1524,the,a,indefinite,a,interrogative,object,n/a,10.17,yes,guy,father,CHILD: \t this is going be easy one.,FATHER: \t what makes you think so?,CHILD: \t oops.,CHILD: \t I did it.,FATHER: \t yes you did.,CHILD: \t this is gonna be easy.,CHILD: \t I did it.,FATHER: \t mhm.,CHILD: \t now what?,FATHER: \t what would you like to do?,FATHER: \t there's still a motor?,CHILD: \t what motor?,FATHER: \t where do you think it is?,n/a,indefinite
what do you think the policeman says to her?,guy_mothertoy.cha,2287,the,a,definite,the,interrogative,subject,n/a,10.18,no,guy,mother,MOTHER: \t that's a little boy who has a policeman costume on.,MOTHER: \t she runs over to him.,MOTHER: \t and she says...,"MOTHER: \t ""Mr Policeman, I lost my kitty.""",MOTHER: \t the little boy is listening too.,MOTHER: \t and he's riding his what?,CHILD: \t bike.,MOTHER: \t right.,MOTHER: \t but look.,MOTHER: \t what's the policeman...,MOTHER: \t what do you think the policeman says to her?,"MOTHER: \t ""there's your kitty.""","MOTHER: \t ""you didn't lose your kitty.""",n/a,definite
"Mommy, I don't want the sauce.",helen_dinner.cha,2555,the,a,definite,the,declarative,object,n/a,10.19,no,helen,dinner,MOTHER: \t what do you think?,"FATHER: \t well, you might be right, but ...","CHILD: \t Mommy, I want another corn, please.","SISTER: \t I want another corn, please.",CHILD: \t that's…,"FATHER: \t Helen, you have more corn on here and you have to eat your fish and you have to eat the spinach.",SISTER: \t I want corn.,MOTHER: \t come on...,MOTHER: \t finish all your fish.,"MOTHER: \t eat some spinach, Sarah.","SISTER: \t Mommy, I don't want the sauce.",MOTHER: \t then don't eat the tomatoes.,MOTHER: \t you can eat the fish.,n/a,definite
this looks like a sofa.,helen_fathertoy.cha,2530,the,a,indefinite,a,declarative,object,n/a,10.2,no,helen,father,FATHER: \t how about a stove?,FATHER: \t should we get an oven?,CHILD: \t yep.,"FATHER: \t okay, get the oven.",FATHER: \t can you cook anything on it?,CHILD: \t no cause it keep.,FATHER: \t how about how about cooking a can of soup?,FATHER: \t could you cook a can of soup on there?,CHILD: \t you gotta sit in your chair.,CHILD: \t the...,FATHER: \t this looks like a sofa.,"CHILD: \t oh, it's a chair...",CHILD: \t make pretend you're sitting in it.,n/a,indefinite
okay and where's... the stove ?,helen_fathertoy.cha,2613,the,a,definite,the,interrogative,object,n/a,10.21,yes,helen,father,CHILD: \t it's a man and a woman.,FATHER: \t okay.,CHILD: \t you stand right there.,CHILD: \t and you stand right there.,FATHER: \t and what're we gonna give them to eat ?,FATHER: \t [noise],CHILD: \t [noise],FATHER: \t what's that?,CHILD: \t stove…,FATHER: \t no that look that looks like a sink.,FATHER: \t okay and where's... the stove ?,CHILD: \t the…,CHILD: \t here.,n/a,definite
okay... you gonna put it on the stove to get hot?,helen_fathertoy.cha,2703,the,a,definite,the,interrogative,prepositional,n/a,10.22,no,helen,father,FATHER: \t okay.,CHILD: \t you don't need forks and knives... and two spoons.,"FATHER: \t well, don't I need a spoon to…","FATHER: \t oh, you left me one spoon.",FATHER: \t good.,CHILD: \t yeah.,FATHER: \t okay you gonna make some coffee?,CHILD: \t yep.,"FATHER: \t okay, put that.",CHILD: \t I put some sugar in.,FATHER: \t okay... you gonna put it on the stove to get hot?,CHILD: \t gonna... put it on the stove to get hot.,CHILD: \t yep.,n/a,definite
"it's really a pipe, you see.",helen_mothertoy.cha,2844,the,a,indefinite,a,declarative,object,n/a,10.23,yes,helen,mother,CHILD: \t now he's going into the barrel.,MOTHER: \t into the barrel?,CHILD: \t yeah.,"MOTHER: \t okay, and what are they doing?",CHILD: \t they're trying to catch him.,MOTHER: \t yeah.,MOTHER: \t they're climbing in the barrel…,CHILD: \t why?,MOTHER: \t right of...,MOTHER: \t ah now... the cat came out.,"MOTHER: \t it's really a pipe, you see.",MOTHER: \t and you know what's down here?,CHILD: \t what?,n/a,indefinite
they're gonna chase the cat again.,isadora_fathertoy.cha,4090,the,a,definite,the,declarative,object,n/a,10.24,no,isadora,father,FATHER: \t but.,FATHER: \t they see the cat's coming.,FATHER: \t look.,FATHER: \t her hat fell on his head.,CHILD: \t yeah.,FATHER: \t isn't that funny?,"FATHER: \t oh, well.",FATHER: \t so.,FATHER: \t now they go up.,FATHER: \t and.,FATHER: \t they're gonna chase the cat again.,FATHER: \t and.,FATHER: \t they chase him through the pipe.,n/a,definite
is that a dime?,isadora_mothertoy.cha,542,the,a,indefinite,a,interrogative,object,n/a,10.25,yes,isadora,mother,MOTHER: \t but don't give me back the money I'm giving you.,MOTHER: \t that belongs to you.,MOTHER: \t just give me the change.,MOTHER: \t look it.,MOTHER: \t what are these?,MOTHER: \t what are those?,CHILD: \t coins?,MOTHER: \t yeah.,MOTHER: \t what kind of coins?,CHILD: \t I don't know.,MOTHER: \t is that a dime?,MOTHER: \t no.,MOTHER: \t what is it?,n/a,indefinite
do ya think it's the little boy's?,isadora_mothertoy.cha,3092,the,a,definite,the,interrogative,object,little,10.26,yes,isadora,mother,CHILD: \t okay.,MOTHER: \t who do you think this boy...,MOTHER: \t what is this?,MOTHER: \t what is that?,CHILD: \t a bike…,MOTHER: \t who has a red tricycle?,CHILD: \t what?,MOTHER: \t is that your red tricycle?,CHILD: \t no.,MOTHER: \t no?,MOTHER: \t do ya think it's the little boy's?,CHILD: \t the little boy's...,MOTHER: \t yeah.,n/a,definite
he was a farmer.,john_dinner.cha,1594,the,a,indefinite,a,declarative,object,n/a,10.27,yes,john,dinner,MOTHER: \t [noise],FATHER: \t who would you vote for?,MOTHER: \t [noise],SISTER: \t I'd vote on Carter.,CHILD: \t : would vote Jimmy Carter.,SISTER: \t …,MOTHER: \t [noise],"MOTHER: \t when we went to vote, remember?",FATHER: \t do you know what Carter was before?,CHILD: \t what?,FATHER: \t he was a farmer.,MOTHER: \t this is terrible.,MOTHER: \t I mean…,n/a,indefinite
"it's a pretty silly book, huh?",john_fathertoy.cha,570,the,a,indefinite,a,interrogative,object,pretty silly,10.28,yes,john,father,FATHER: \t let's sit down.,FATHER: \t let me sit down.,CHILD: \t the cat chase.,FATHER:[grunt],CHILD: \t there's cat.,FATHER: \t you wanna read this?,FATHER: \t or should I read it?,CHILD: \t you read it.,FATHER: \t okay.,CHILD: \t pretty silly thing.,"FATHER: \t it's a pretty silly book, huh?",CHILD: \t yeah.,"FATHER: \t well ya see, once upon a time there was a girl.",n/a,indefinite
what happened to the pussy cat?,john_fathertoy.cha,599,the,a,definite,the,interrogative,prepositional,n/a,10.29,no,john,father,FATHER: \t okay.,CHILD: \t pretty silly thing.,"FATHER: \t it's a pretty silly book, huh?",CHILD: \t yeah.,"FATHER: \t well ya see, once upon a time there was a girl.",FATHER: \t and she was... she had a pussy cat.,CHILD: \t yeah.,FATHER: \t uh oh!,FATHER: \t the pussy cat ran out when she was picking a flower.,CHILD: \t yeah.,FATHER: \t what happened to the pussy cat?,FATHER: \t she doesn't see.,FATHER: \t where's the pussy cat?,n/a,definite
she's a nurse.,john_fathertoy.cha,892,the,a,indefinite,a,declarative,object,n/a,10.3,yes,john,father,"FATHER: \t and now, the girl comes in.",FATHER: \t and the policeman is all bruised.,FATHER: \t and the little boy is all bruised.,FATHER: \t and what does she come out as?,FATHER: \t that's a...,CHILD: \t a baker.,FATHER: \t a baker?,"FATHER: \t no, what kind of a hat does she wear?",FATHER: \t a nurse.,CHILD: \t nurse.,FATHER: \t she's a nurse.,FATHER: \t she's going to take care of them.,FATHER: \t isn't that nice?,n/a,indefinite
you wanna do the car first?,john_mothertoy.cha,77,the,a,definite,the,interrogative,object,n/a,10.31,no,john,mother,MOTHER: \t at the same time.,CHILD: \t oh.,MOTHER: \t and they can hear and see if we stay around here.,CHILD: \t oh.,MOTHER: \t okay?,MOTHER: \t did you hear the three things that Sandy said to us?,CHILD: \t yeah.,MOTHER: \t we can either...,MOTHER: \t I'll show you the things.,MOTHER: \t we can do this book.,MOTHER: \t you wanna do the car first?,CHILD: \t [noise],MOTHER: \t okay.,n/a,definite
that is a wrench.,john_mothertoy.cha,863,the,a,indefinite,a,declarative,object,n/a,10.32,yes,john,mother,MOTHER: \t yeah.,MOTHER: \t see upside down.,MOTHER: \t that's it.,MOTHER: \t oh this one you don't do with a screw.,MOTHER: \t you know what...,MOTHER: \t can...,MOTHER: \t you know what you do this one with?,MOTHER: \t oh hey I didn't know that you...,CHILD: \t this is a wrench.,MOTHER: \t that's right.,MOTHER: \t that is a wrench.,CHILD: \t say...,"CHILD: \t ""number thirteen.""",n/a,indefinite
and the cat is watching.,john_mothertoy.cha,1700,the,a,definite,the,declarative,subject,n/a,10.33,yes,john,mother,MOTHER: \t but what is this over here?,CHILD: \t that's a lake.,MOTHER: \t a lake.,MOTHER: \t so.,MOTHER: \t when the policewoman crawls out.,MOTHER: \t [noise],MOTHER: \t into the water the goes.,MOTHER: \t and the Emma... the girl who's making believe she is the mother says...,"MOTHER: \t ""there she is running up there.""",MOTHER: \t well the policewoman helps the ... girl who's making believe she's the mother down.,MOTHER: \t and the cat is watching.,MOTHER: \t and the cat starts running down.,MOTHER: \t and they all fall into the water.,n/a,definite
can we use this for a cup?,katie_fathertoy.cha,1030,the,a,indefinite,a,interrogative,prepositional,n/a,10.34,no,katie,father,"CHILD: \t no, in a little while.",FATHER: \t just a little while alright... up here.,CHILD: \t let's have some cake.,FATHER: \t we gonna have cake now too?,CHILD: \t yep.,FATHER: \t okay.,CHILD: \t let's drink some coffee first.,CHILD: \t I wanna get my coffee.,FATHER: \t I don't see another cup here.,"FATHER: \t well, how about this?",FATHER: \t can we use this for a cup?,CHILD: \t yup.,CHILD: \t here's your cup.,n/a,indefinite
[laugh] you're not a ham?,katie_mothertoy.cha,959,the,a,indefinite,a,interrogative,object,n/a,10.35,yes,katie,mother,CHILD: \t what?,MOTHER: \t maybe we'll get one for Christmas.,CHILD: \t maybe we'll get one for Christmas?,MOTHER: \t mhm.,MOTHER: \t do you like to have your picture taken?,CHILD: \t what?,MOTHER: \t do you like to have your picture taken?,CHILD: \t yeah.,MOTHER: \t are you a ham?,CHILD: \t I'm not a ham.,MOTHER: \t [laugh] you're not a ham?,MOTHER: \t are you sure?,CHILD: \t [noise],n/a,indefinite
doesn't look like a piano.,katie_mothertoy.cha,1316,the,a,indefinite,a,declarative,object,n/a,10.36,no,katie,mother,CHILD: \t tomorrow.,MOTHER: \t tomorrow we'll take it off?,CHILD: \t tomorrow we'll take em off.,MOTHER: \t you don't wanna see what's under here?,CHILD: \t [noise],MOTHER: \t I wish I knew what was under there.,MOTHER: \t what do you think it is?,CHILD: \t a piano?,MOTHER: \t huh?,CHILD: \t a piano?,MOTHER: \t doesn't look like a piano.,CHILD: \t [noise],MOTHER: \t what do you think?,n/a,indefinite
it's a grocery store.,katie_mothertoy.cha,1350,the,a,indefinite,a,declarative,object,n/a,10.37,yes,katie,mother,MOTHER: \t what do you think?,"CHILD: \t open it up, Mommy.",MOTHER: \t wanna open it?,CHILD: \t mhm.,"MOTHER: \t okay, you ready?",MOTHER: \t are you ready?,CHILD: \t yep.,"MOTHER: \t [gasp] oh, look.",CHILD: \t a piano. [laugh],"MOTHER: \t no, it isn't.",MOTHER: \t it's a grocery store.,CHILD: \t what's this?,CHILD: \t see?,n/a,indefinite
you gonna make me a cup of coffee?,katie_mothertoy.cha,1512,the,a,indefinite,a,interrogative,object,n/a,10.38,no,katie,mother,MOTHER: \t don't touch it?,"MOTHER: \t oh, okay.",CHILD: \t here we are.,CHILD: \t I'm gonna get cold.,CHILD: \t [noise] too hot.,"MOTHER: \t it's too hot oh okay, thank you.",CHILD: \t it's too hot.,MOTHER: \t thank you for telling me.,CHILD: \t what?,MOTHER: \t thanks for telling me it was too hot.,MOTHER: \t you gonna make me a cup of coffee?,CHILD: \t yeah.,CHILD: \t where's the juice ?,n/a,indefinite
it's called a sparkler.,katie_mothertoy.cha,2409,the,a,indefinite,a,declarative,object,n/a,10.39,yes,katie,mother,MOTHER: \t can you say hi to Lise?,CHILD: \t watch my piano.,"INVESTIGATOR: \t you like that, huh?",INVESTIGATOR: \t is that a good toy?,CHILD: \t yep.,"INVESTIGATOR: \t Katie, we brought you a little present just for today.",CHILD: \t oh.,MOTHER: \t [gasp],CHILD: \t what's that?,INVESTIGATOR: \t I'll show you how it works.,INVESTIGATOR: \t it's called a sparkler.,MOTHER: \t ah!,INVESTIGATOR: \t wanna try it?,n/a,indefinite
I'm glad you used the black one.,laurel_fathertoy.cha,1749,the,a,definite,the,declarative,object,black,10.4,no,laurel,father,CHILD: \t you go over here.,FATHER: \t [noise],FATHER: \t no.,FATHER: \t the other way with your hand.,FATHER: \t the other way with your hand.,FATHER: \t that's it.,FATHER: \t okay.,FATHER: \t now put the other wheel back on.,CHILD: \t this.,FATHER: \t yep.,FATHER: \t I'm glad you used the black one.,FATHER: \t wanna use the black one or the red one?,FATHER: \t is it on?,n/a,definite
and they are sneaking up on the kitty.,laurel_mothertoy.cha,1101,the,a,definite,the,declarative,prepositional,n/a,10.41,no,laurel,mother,MOTHER: \t and he dropped his whistle.,MOTHER: \t and the little boy is laughing... isn't he?,MOTHER: \t and what about this little girl?,MOTHER: \t is she angry?,MOTHER: \t the kitty got away.,MOTHER: \t well.,MOTHER: \t now they're sneaking up.,MOTHER: \t see?,MOTHER: \t they're on their tiptoes.,MOTHER: \t they are being very quiet.,MOTHER: \t and they are sneaking up on the kitty.,MOTHER: \t kitty...,MOTHER: \t look at the kitty.,n/a,definite
it's on the policeman's head.,laurel_mothertoy.cha,1305,the,a,definite,the,declarative,prepositional,policeman's,10.42,yes,laurel,mother,CHILD: \t did they get all wet?,MOTHER: \t what do you think?,MOTHER: \t yeah.,MOTHER: \t they sure did.,MOTHER: \t real wet.,CHILD: \t did they get hurt?,CHILD: \t did she get her hair wet?,MOTHER: \t yeah.,MOTHER: \t doesn't it look like it?,MOTHER: \t and even her hat fell off.,MOTHER: \t it's on the policeman's head.,MOTHER: \t see?,MOTHER: \t don't they look funny in the puddle?,n/a,definite
she's not dressed like a Mommy anymore.,laurel_mothertoy.cha,1616,the,a,indefinite,a,declarative,object,n/a,10.43,no,laurel,mother,MOTHER: \t oh.,MOTHER: \t you know what she brought for em?,CHILD: \t [noise],MOTHER: \t what does she have for them?,CHILD: \t [noise],MOTHER: \t yeah.,MOTHER: \t  what is she eating?,MOTHER: \t cookies and juice?,CHILD: \t yeah.,MOTHER: \t and what is she dressed like?,MOTHER: \t she's not dressed like a Mommy anymore.,MOTHER: \t what's she dressed like?,MOTHER: \t is she dressed like a nurse?,n/a,indefinite
this is a little store.,laurel_mothertoy.cha,1707,the,a,indefinite,a,declarative,object,little,10.44,yes,laurel,mother,MOTHER: \t would you like to play with that?,CHILD: \t yeah.,CHILD: \t can I play with this?,MOTHER: \t yes.,MOTHER: \t what is that?,MOTHER: \t oop.,CHILD: \t what?,"MOTHER: \t what's in there, Laurie?",CHILD: \t I don't know.,MOTHER: \t look it.,MOTHER: \t this is a little store.,MOTHER: \t you know when I go to the store?,MOTHER: \t I buy food.,n/a,indefinite
here's a bag.,laurel_mothertoy.cha,1906,the,a,indefinite,a,declarative,object,n/a,10.45,yes,laurel,mother,MOTHER: \t and will you put it all in a bag for me so I can take it home?,CHILD: \t yeah.,MOTHER: \t okay.,"MOTHER: \t here is the money, okay?",MOTHER: \t you wanna put it in the cash register?,MOTHER: \t try...,MOTHER: \t why don't you push the...,MOTHER: \t okay.,MOTHER: \t can you ring up all my things for me?,MOTHER: \t so I can take them home?,MOTHER: \t here's a bag.,MOTHER: \t just like the lady does at the grocery store.,MOTHER: \t oh.,n/a,indefinite
and there's a towel right behind you.,martin_dinner.cha,2631,the,a,indefinite,a,declarative,object,n/a,10.46,yes,martin,dinner,FATHER: \t you don't care if it's under the deck.,CHILD: \t Ma?,"MOTHER: \t no, I don't care if it's under the deck.",FATHER: \t ahchoo!,"CHILD: \t Ma, more toast.",CHILD: \t I want uh more toast.,MOTHER: \t what?,FATHER: \t where's my napkin?,FATHER: \t my napkin just got co-opted here.,"MOTHER: \t well, there's the kleenex right behind you.",MOTHER: \t and there's a towel right behind you.,MOTHER: \t and there's napkins underneath the table.,FATHER: \t oh.,n/a,indefinite
"Jimmy, shall I pour the coffee?",martin_dinner.cha,4067,the,a,definite,the,interrogative,object,n/a,10.47,no,martin,dinner,MOTHER: \t who wrote it?,MOTHER: \t who wrote that song?,CHILD: \t I did.,MOTHER: \t you did?,MOTHER: \t what does it mean?,CHILD: \t no thing…,MOTHER: \t it means nothing.,MOTHER: \t ya know when you sing like that we can't understand you.,MOTHER: \t are you being silly?,CHILD: \t yeah yeah yo yo ya.,"MOTHER: \t Jimmy, shall I pour the coffee?",FATHER: \t yeah.,CHILD: \t ah uh ah yo you yo ah. [noise],n/a,definite
is that a kitty carriage?,martin_fathertoy.cha,807,the,a,indefinite,a,interrogative,object,n/a,10.48,yes,martin,father,FATHER: \t isn't that silly?,CHILD: \t the baby... the baby go in there.,FATHER: \t baby go in there.,FATHER: \t right.,FATHER: \t does a boy like that go in a baby carriage?,CHILD: \t no.,FATHER: \t no: that's silly.,CHILD: \t [noise],"FATHER: \t oop, and the kitty...","FATHER: \t and look, the kitty is in the carriage too.",FATHER: \t is that a kitty carriage?,CHILD: \t yeah.,FATHER: \t it is? [laugh],n/a,indefinite
"yeah, it's a doggie.",martin_mothertoy.cha,666,the,a,indefinite,a,declarative,object,n/a,10.49,yes,martin,mother,MOTHER: \t we don't touch other people's radios.,CHILD: \t [noise],MOTHER: \t hmm.,CHILD: \t somebody else.,MOTHER: \t that belongs to somebody who works here.,"CHILD: \t that picture, what's that picture of?",MOTHER: \t what do you think it's a picture of?,CHILD: \t why?,MOTHER: \t is it a cat?,CHILD: \t a doggie.,"MOTHER: \t yeah, it's a doggie.",MOTHER: \t it's a nice doggie.,MOTHER: \t wanna try on the wheels?,n/a,indefinite
what's the kitty doing?,martin_mothertoy.cha,1071,the,a,definite,the,interrogative,subject,n/a,10.5,yes,martin,mother,"MOTHER: \t okay, well, I'll just read the book, okay?",CHILD: \t I wanna... I wanna...,MOTHER: \t okay? can you read me... tell me what this is about?,MOTHER: \t what's that lady doing?,CHILD: \t why?,MOTHER: \t why?,MOTHER: \t do you know what this is called?,CHILD: \t what?,MOTHER: \t is a baby an taking the kitty for a ride in the baby carriage? [gasp],MOTHER: \t but what's what's happening?,MOTHER: \t what's the kitty doing?,CHILD: \t why?,MOTHER: \t look!,n/a,definite
we'll have a more substantial gift next time... we're so sorry you had all that trouble.,martin_mothertoy.cha,2701,the,a,indefinite,a,declarative,object,more substantial,10.51,no,martin,mother,MOTHER: \t this lady's named Lise.,"CHILD: \t hi, Lise.","INVESTIGATOR: \t hi, Martin are you having a good time?",CHILD: \t yep.,INVESTIGATOR: \t ...we bringing you a little present because you were so nice to come this time.,INVESTIGATOR: \t you want to see how it works?,MOTHER: \t oh.,CHILD: \t yeah.,"MOTHER: \t oh, look at that.",INVESTIGATOR: \t it's called a sparkler.,INVESTIGATOR: \t we'll have a more substantial gift next time... we're so sorry you had all that trouble.,"MOTHER: \t oh, that's okay.",MOTHER: \t [noise],n/a,indefinite
as they were walking along... Tupty... saw a beautiful red flower and stopped to pick it.,nanette_fathertoy.cha,621,the,a,indefinite,a,declarative,object,beautiful red,10.52,no,nanette,father,CHILD: \t yeah.,FATHER: \t what's the girl's name.,CHILD: \t Tupty.,FATHER: \t Tupty?,CHILD: \t Tupty.,FATHER: \t that's the girl's name?,CHILD: \t yeah.,"FATHER: \t okay, let's see.",FATHER: \t once upon a time Tupty and Puddy went for a walk.,FATHER: \t and Tupty got all dressed up in her mother's clothing she put Tupty... Puddy in the baby carriage just like she was a real baby.,FATHER: \t as they were walking along... Tupty... saw a beautiful red flower and stopped to pick it.,FATHER: \t as she bended down... Puddy... pushed away the blankets and jumped out of the carriage very quickly and quietly so Tupty didn't see him Tupty turned around and [gasp] oh her Puddy was gone.,FATHER: \t she got so worried.,n/a,indefinite
you were right about him climbing up the tree.,nanette_fathertoy.cha,948,the,a,definite,the,declarative,prepositional,n/a,10.53,no,nanette,father,FATHER: \t and she loses her hat.,FATHER: \t it goes on the policeman's head.,FATHER: \t and Puddy... hops back into the pipe... and runs the other way.,"FATHER: \t Tupty and the policeman get out of the water, and they're dripping wet.",FATHER: \t and they come through the pipe.,"FATHER: \t and when they come through the pipe there's... Puddy, who is caught by... the little boy... who was following them.",FATHER: \t remember the boy who was riding... the tricycle.,FATHER: \t and he has Puddy.,FATHER: \t let's go of Puddy.,FATHER: \t Puddy jumps on the policeman's head... and climbs up the tree.,FATHER: \t you were right about him climbing up the tree.,FATHER: \t and the.,CHILD: \t he's climbing up that tree.,n/a,definite
first we have to heat up the water.,nanette_fathertoy.cha,1245,the,a,definite,the,declarative,object,n/a,10.54,no,nanette,father,CHILD: \t tea.,"FATHER: \t oh, tea.","FATHER: \t okay, how do you make...",FATHER: \t who makes tea?,FATHER: \t …what're you going to put in the tea?,FATHER: \t wanna put some milk in?,CHILD: \t milk in.,"FATHER: \t okay, we'll put the milk in.",FATHER: \t there.,FATHER: \t do we have...,FATHER: \t first we have to heat up the water.,FATHER: \t ...use the stove.,FATHER: \t wanna heat up the water?,n/a,definite
"okay, you can fix it yourself that's a screwdriver.",nanette_mothertoy.cha,201,the,a,indefinite,a,declarative,object,n/a,10.55,yes,nanette,mother,MOTHER: \t do you wanna play with this little car?,CHILD: \t yeah.,"MOTHER: \t okay, have you seen a car like this before?",CHILD: \t yeah.,"MOTHER: \t oh, you know what they call this?",MOTHER: \t they call this a convertible because it doesn't have a top.,MOTHER: \t see there's no top on it?,MOTHER: \t those are tools.,MOTHER: \t to fix the car if it gets broken.,CHILD: \t ...I better fix my car myself.,"MOTHER: \t okay, you can fix it yourself that's a screwdriver.",MOTHER: \t lemme see.,"MOTHER: \t I think it might fit in here, but you can try it and see.",n/a,indefinite
you want to pretend you're... playing in the store ?,olivia_fathertoy.cha,66,the,a,definite,the,interrogative,prepositional,n/a,10.56,no,olivia,father,FATHER: \t ya want me to take this off?,FATHER: \t do you know what this is?,CHILD: \t yeah.,FATHER: \t okay.,CHILD: \t [noise],"FATHER: \t oh look, Livie.",FATHER: \t what is what is it?,CHILD: \t got [noise] tea set.,FATHER: \t right.,"FATHER: \t it's a store, isn't it?",FATHER: \t you want to pretend you're... playing in the store ?,CHILD: \t yeah.,CHILD: \t you be…,n/a,definite
do you wanna read a story or play with this?,olivia_fathertoy.cha,1151,the,a,indefinite,a,interrogative,object,n/a,10.57,no,olivia,father,FATHER: \t it's meant to be oatmeal which is kind of like rice.,FATHER: \t now.,FATHER: \t do you wanna see what else is there?,FATHER: \t I'll get you another one.,FATHER: \t it's a doggie.,FATHER: \t yeah.,CHILD: \t dog dog dog [giggle] dog. [giggle],FATHER: \t listen.,FATHER: \t I'll get you something down from here. [noise],FATHER: \t what do you wanna do?,FATHER: \t do you wanna read a story or play with this?,CHILD: \t I want this.,FATHER: \t this?,n/a,indefinite
she hided behind a tree.,olivia_fathertoy.cha,2446,the,a,indefinite,a,declarative,prepositional,n/a,10.58,no,olivia,father,FATHER: \t Chooklee was a really little kitty.,CHILD: \t and Jacyntha used to bring her for a walk... in a stroller.,FATHER: \t yeah.,FATHER: \t but where's Olivia?,FATHER: \t Olivia.,FATHER: \t maybe Olivia's further on in the story.,"FATHER: \t and anyway one day... when Jacyntha was in the park... and she was picking flowers, Chooklee...",CHILD: \t yeah Chooklee came out of the...,FATHER: \t okay.,FATHER: \t hopped right out of the stroller and ran away and hid.,FATHER: \t she hided behind a tree.,"FATHER: \t and Jacyntha was very upset, wasn't she?",CHILD: \t yeah.,n/a,indefinite
and the policeman... found Chooklee.,olivia_fathertoy.cha,2549,the,a,definite,the,declarative,subject,n/a,10.59,no,olivia,father,CHILD: \t he has a policeman.,FATHER: \t he's got a policeman's hat.,"FATHER: \t and: he's got a policeman's uniform, hasn't he?",CHILD: \t yeah and a whistle for him.,FATHER: \t right.,CHILD: \t see some.,FATHER: \t that's right.,FATHER: \t and there's a little boy here... on a tricycle.,FATHER: \t now.,FATHER: \t we'll see what happens.,FATHER: \t and the policeman... found Chooklee.,FATHER: \t look.,FATHER: \t see him pointing at him?,n/a,definite
"""I found the kitty.""",olivia_mothertoy.cha,707,the,a,definite,the,declarative,object,n/a,10.6,no,olivia,mother,MOTHER: \t so anyway she went out ... into the pipe.,MOTHER: \t and...,CHILD: \t and what happened?,CHILD: \t what?,MOTHER: \t and then she said…,"MOTHER: \t ""I'll find him.""",MOTHER: \t but look what happened to the little boy.,MOTHER: \t he said...,"MOTHER: \t ""look.""","MOTHER: \t ""neither of you are any good.""","MOTHER: \t ""I found the kitty.""","MOTHER: \t ""I have it, see?""",MOTHER: \t so the next thing was...,n/a,definite
"""I don't have a kitty anymore.""",olivia_mothertoy.cha,848,the,a,indefinite,a,declarative,object,n/a,10.61,no,olivia,mother,*MOTHER: \t and he's looking up.,MOTHER: \t and he's saying...,"MOTHER: \t ""oh.""","MOTHER: \t ""look at the kitty up in the tree.""",MOTHER: \t I bet you he can't catch him.,MOTHER: \t now.,MOTHER: \t look at the mommy.,MOTHER: \t she'd say...,"MOTHER: \t ""oh.""","MOTHER: \t ""my kitty is gone now.""","MOTHER: \t ""I don't have a kitty anymore.""",MOTHER: \t there's the policeman.,MOTHER: \t right there.,n/a,indefinite
"give him the box to play with, okay?",patricia_dinner.cha,4086,the,a,definite,the,interrogative,object,n/a,10.62,no,patricia,dinner,FATHER: \t do you know?,CHILD: \t what?,FATHER: \t I'm asking you what was in that box?,CHILD: \t what…,FATHER: \t I asked you.,FATHER: \t do you know?,CHILD: \t [noise],BABY: \t [yell],"MOTHER: \t Usher wants it back, dear.",FATHER: \t Ush wants the box.,"FATHER: \t give him the box to play with, okay?",FATHER: \t and you finish your apple.,"FATHER: \t oh, thank you…",n/a,definite
this is the motor.,patricia_fathertoy.cha,1296,the,a,definite,the,declarative,object,n/a,10.63,yes,patricia,father,FATHER: \t what should we call them?,FATHER: \t should we give them a name?,CHILD: \t what?,FATHER: \t should we give them a name?,CHILD: \t yeah.,FATHER: \t what's in... what's in there? [gasp],"FATHER: \t oh do you know what that is, Patricia?",CHILD: \t what?,FATHER: \t I think it's the motor.,CHILD: \t yeah.,FATHER: \t this is the motor.,FATHER: \t does Abba car... does Abba's car... have a motor?,CHILD: \t yeah...,n/a,definite
it's like the oven at home.,richard_fathertoy.cha,859,the,a,definite,the,declarative,object,n/a,10.64,yes,richard,father,CHILD: \t this is a frigerator.,FATHER: \t no.,FATHER: \t it's not a refrigerator.,FATHER: \t what's it look like?,CHILD: \t it's a... [noise],FATHER: \t does that look like our stove at home?,CHILD: \t our stove?,FATHER: \t yeah.,FATHER: \t here's the oven.,FATHER: \t see?,FATHER: \t it's like the oven at home.,FATHER: \t and let's see what else we have here.,FATHER: \t what's this?,n/a,definite
that's a puppet look.,richard_fathertoy.cha,3161,the,a,indefinite,a,declarative,object,n/a,10.65,yes,richard,father,FATHER: \t who is that?,CHILD: \t Snoopy.,CHILD: \t what's this?,INVESTIGATOR: \t I think it's Grover from Sesame street.,FATHER: \t is that Grover?,INVESTIGATOR: \t it's somebody from Sesame street.,FATHER: \t I think it's Grover too.,FATHER: \t is that Grover?,CHILD: \t yeah.,FATHER: \t yeah?,FATHER: \t that's a puppet look.,FATHER: \t look.,FATHER: \t put your hand in it! [noise],n/a,indefinite
"that's not a girl, Richard.",richard_mothertoy.cha,347,the,a,indefinite,a,declarative,object,n/a,10.66,yes,richard,mother,MOTHER: \t what does the horse say?,MOTHER: \t giddy…,CHILD: \t giddy…,MOTHER: \t giddy up?,CHILD: \t yeah.,MOTHER: \t yeah.,CHILD: \t look.,MOTHER: \t what's that?,CHILD: \t that's the girl.,MOTHER: \t come over here.,"MOTHER: \t that's not a girl, Richard.",MOTHER: \t that's a little rat.,MOTHER: \t so let's sit down and finish with the car.,n/a,indefinite
I'm gonna go to the store and I'm gonna buy some food okay?,richard_mothertoy.cha,1711,the,a,definite,the,interrogative,prepositional,n/a,10.67,no,richard,mother,MOTHER: \t nope.,MOTHER: \t ...right there.,MOTHER: \t try the other buttons.,MOTHER: \t whoop!,MOTHER: \t you have to put those...,MOTHER: \t you hafta put the money back?,MOTHER: \t maybe I need some change.,MOTHER: \t now I'm gonna...,MOTHER: \t look.,MOTHER: \t we're gonna go...,MOTHER: \t I'm gonna go to the store and I'm gonna buy some food okay?,CHILD: \t okay.,MOTHER: \t okay.,n/a,definite
that's the part... I'm interested in.,susan_dinner.cha,1811,the,a,definite,the,declarative,object,n/a,10.68,yes,susan,dinner,FATHER: \t and those are...,FATHER: \t are those milkweed pods?,"FATHER: \t wait a minute, what kind of weeds are those.",CHILD: \t [noise],"MOTHER: \t no, that's clover.",FATHER: \t clover!,FATHER: \t right.,FATHER: \t what a dummy I am.,CHILD: \t [laugh],FATHER: \t but what about the nectar and the pollen?,FATHER: \t that's the part... I'm interested in.,FATHER: \t yes.,CHILD: \t but some...,n/a,definite
would you put it in a bag for us to take home?,susan_fathertoy.cha,2938,the,a,indefinite,a,interrogative,prepositional,n/a,10.69,no,susan,father,FATHER: \t we'd like some eggs first.,"FATHER: \t would you give us some eggs, please?",CHILD: \t okay.,CHILD: \t here's some eggs.,FATHER: \t do you have any on the shelfs?,CHILD: \t oops.,CHILD: \t okay.,CHILD: \t here's... some eggs.,FATHER: \t oh.,FATHER: \t thank you.,FATHER: \t would you put it in a bag for us to take home?,CHILD: \t okay.,CHILD: \t see if I can find a bag.,n/a,indefinite
it's a tight fit.,susan_fathertoy.cha,3565,the,a,indefinite,a,declarative,object,tight,10.7,yes,susan,father,CHILD: \t well would you help me fit it in?,FATHER: \t yes.,FATHER: \t I'll hold the bag open.,CHILD: \t okay.,CHILD: \t [noise],FATHER: \t oop.,CHILD: \t [noise],FATHER: \t yes.,FATHER: \t it's a hard…,CHILD: \t [noise],FATHER: \t it's a tight fit.,CHILD: \t yeah.,FATHER: \t but it fits.,n/a,indefinite
could you turn this one with the screwdriver?,susan_mothertoy.cha,1326,the,a,definite,the,interrogative,prepositional,n/a,10.71,no,susan,mother,CHILD: \t why ?,MOTHER: \t because that one has the spider in it.,MOTHER: \t why are you holding that one all up?,CHILD: \t cause I don't want to have a spider in it.,MOTHER: \t yeah but don't you need it for your nose?,CHILD: \t no I don't.,CHILD: \t I put the booger in it.,MOTHER: \t oh… here…,MOTHER: \t see?,MOTHER: \t put that screw in and I turned it.,MOTHER: \t could you turn this one with the screwdriver?,CHILD: \t no I won't.,MOTHER: \t you won't do that?,n/a,definite
[noise] oh and then you use the screwdriver.,susan_mothertoy.cha,1441,the,a,definite,the,declarative,object,n/a,10.72,no,susan,mother,CHILD: \t there that's a little door for something.,MOTHER: \t hmm... I don't know how this fits in.,CHILD: \t [noise],MOTHER: \t this one's a toughie.,CHILD: \t I'll show you.,CHILD: \t I… I'll help you.,CHILD: \t now these screws go in there.,CHILD: \t these screws go in.,MOTHER: \t uh huh.,CHILD: \t these screws go in there.,MOTHER: \t [noise] oh and then you use the screwdriver.,CHILD: \t is it coming up?,"CHILD: \t Mom, is it coming off?",n/a,definite
she jumped out of the… baby carriage.,susan_mothertoy.cha,1921,the,a,definite,the,declarative,prepositional,n/a,10.73,no,susan,mother,"MOTHER: \t ""help.""","MOTHER: \t ""help.""",MOTHER: \t and there she sees her friend Charlie pretending he's a policeman.,MOTHER: \t and Charlie stops all the traffic and says...,"MOTHER: \t ""I'm a policeman.""","MOTHER: \t ""I can help you.""",MOTHER: \t and [noise] she says...,"MOTHER: \t ""my baby.""","MOTHER: \t ""he's gone.""","MOTHER: \t ""my pussy cat.""",MOTHER: \t she jumped out of the… baby carriage.,MOTHER: \t and Charlie says...,"MOTHER: \t ""she's right behind you.""",n/a,definite
"you hafta call the garage, and they hafta come out to you.",theresa_fathertoy.cha,1321,the,a,definite,the,declarative,object,n/a,10.74,no,theresa,father,CHILD: \t we're out of business.,FATHER: \t [laugh] that's right.,CHILD: \t we're out of this flat tire business.,CHILD: \t ahhah.,CHILD: \t [noise],"FATHER: \t if we had four flat tires, we'd be in big trouble.",CHILD: \t why?,"FATHER: \t cause… we couldn't drive the tires... to a garage to get them fixed, right?",FATHER: \t if you have flat tires on all your tires... how can you go any place?,CHILD: \t no place.,"FATHER: \t you hafta call the garage, and they hafta come out to you.",CHILD: \t I wanna do it.,FATHER: \t okay.,n/a,definite
you mean they thought it was a different cat?,theresa_mothertoy.cha,319,the,a,indefinite,a,interrogative,object,different,10.75,yes,theresa,mother,MOTHER: \t oh.,MOTHER: \t I see.,CHILD: \t they're right here.,MOTHER: \t oh.,MOTHER: \t but she doesn't see the cat does she?,CHILD: \t no.,MOTHER: \t okay.,CHILD: \t and then they all found the cat.,CHILD: \t and then they were looking and she thought that they were ... um different um from their cat.,CHILD: \t so now all of them didn't know that there was that kind of cat in there.,MOTHER: \t you mean they thought it was a different cat?,CHILD: \t yeah.,MOTHER: \t what kind of cat did they think it was?,n/a,indefinite
maybe we can open the cash register.,theresa_mothertoy.cha,2439,the,a,definite,the,declarative,object,n/a,10.76,no,theresa,mother,MOTHER: \t you sell in the store.,MOTHER: \t okay.,MOTHER: \t am I... am I a customer?,"CHILD: \t here, Mommy.",MOTHER: \t well.,MOTHER: \t that...,MOTHER: \t when I pay you... you ring it up on the cash register.,CHILD: \t okay.,CHILD: \t put it on my seat.,MOTHER: \t okay.,MOTHER: \t maybe we can open the cash register.,MOTHER: \t and you can give me some money.,MOTHER: \t and I can come in.,n/a,definite
would you like to be the customer now?,theresa_mothertoy.cha,3407,the,a,definite,the,interrogative,object,n/a,10.77,yes,theresa,mother,CHILD: \t [noise],"CHILD: \t wow, okay.",CHILD: \t strawberry milk.,CHILD: \t Oreos…,MOTHER: \t well.,MOTHER: \t thank you very much.,CHILD: \t [noise],MOTHER: \t goodbye.,CHILD: \t goodbye.,MOTHER: \t okay.,MOTHER: \t would you like to be the customer now?,CHILD: \t yeah.,MOTHER: \t okay.,n/a,definite
they're fixing the store?,ursula_fathertoy.cha,3335,the,a,definite,the,interrogative,object,n/a,10.78,no,ursula,father,FATHER: \t I'm gonna pay you for the groceries.,"FATHER: \t and then we'll put them away on the shelf, okay?",CHILD: \t and I'll put them...,FATHER: \t ah Urs... what're you putting them all in there for?,CHILD: \t cause this is where all your moneys and cents.,CHILD: \t I'll put them in here so they don't…,FATHER: \t and then what... then what're you gonna do?,CHILD: \t no.,CHILD: \t I'm not gonna put them back until later you can't come back here.,CHILD: \t they're fixing the store.,FATHER: \t they're fixing the store?,FATHER: \t oh I see.,CHILD: \t yeah.,n/a,definite
I brought you a present for today's visit.,ursula_fathertoy.cha,3638,the,a,indefinite,a,declarative,object,n/a,10.79,no,ursula,father,FATHER: \t well there she is hi.,INVESTIGATOR: \t hi.,INVESTIGATOR: \t my name is Elise Masur.,INVESTIGATOR: \t I'm also connected with the project.,"FATHER: \t hi, Elise.","INVESTIGATOR: \t hi, Ursula.",FATHER: \t can you say hi to Elise?,FATHER: \t hmm?,CHILD: \t I'm putting my car.,INVESTIGATOR: \t oh I see.,INVESTIGATOR: \t I brought you a present for today's visit.,"CHILD: \t look, Daddy.","FATHER: \t what's that, Urs?",n/a,indefinite
you need to undo it with the screwdriver.,ursula_mothertoy.cha,677,the,a,definite,the,declarative,prepositional,n/a,10.8,no,ursula,mother,CHILD: \t why does it come off?,"MOTHER: \t oh it fell off, I guess.",CHILD: \t can you fix it?,CHILD: \t get it back on.,CHILD: \t here.,MOTHER: \t [noise] we don't need to worry about that.,MOTHER: \t take that...,"MOTHER: \t no, take that off.",MOTHER: \t and then you're gonna do the store.,CHILD: \t what?,MOTHER: \t you need to undo it with the screwdriver.,CHILD: \t I'm not...,CHILD: \t I'm all done now.,n/a,definite
we were calling it the ear.,victor_dinner.cha,2186,the,an,definite,the,declarative,object,n/a,10.81,no,victor,dinner,FATHER: \t oh boy!,CHILD: \t where's Poppa's?,MOTHER: \t he's... busy scraping.,FATHER: \t I ate mine.,CHILD: \t what?,FATHER: \t I ate mine.,CHILD: \t where is it?,FATHER: \t my corn?,CHILD: \t yeah.,FATHER: \t well it was all gone and I took the middle called the cob and I threw it in the trash.,MOTHER: \t we were calling it the ear.,FATHER: \t oh really? [laugh],MOTHER: \t [laugh],n/a,definite
"okay, we got the bug out.",wanda_fathertoy.cha,1320,the,a,definite,the,declarative,object,n/a,10.82,no,wanda,father,"FATHER: \t okay, where's the steeringwheel?","CHILD: \t first we hafta put this back, okay?","FATHER: \t okay, how...",FATHER: \t that's how it goes.,FATHER: \t ... little two things there.,CHILD: \t I still don't know what's the matter with that beep.,"FATHER: \t well, let's see.","FATHER: \t oh, I see what was wrong.",FATHER: \t there was a bug inside.,CHILD: \t oh.,"FATHER: \t okay, we got the bug out.",CHILD: \t don't you put some like some … poison in there.,FATHER: \t some poison so the bug can't come back?,n/a,definite
he wrote what do you do with a kangaroo?,wanda_fathertoy.cha,2567,the,a,indefinite,a,interrogative,prepositional,n/a,10.83,no,wanda,father,CHILD: \t uh huh.,FATHER: \t okay... there we go.,"FATHER: \t okay, let's see okay, what is this called?",FATHER: \t this is called The Great Cat Chase... by Mercer Mayer.,FATHER: \t do you know who he is ?,FATHER: \t he's a... he actually.,CHILD: \t who?,FATHER: \t I believe it is a he.,"FATHER: \t yes, it is a he.",FATHER: \t I always thought it was a she but it's a he.,FATHER: \t he wrote what do you do with a kangaroo?,"CHILD: \t yeah, I know that.",CHILD: \t Mommy told me.,n/a,indefinite
"okay, so she's wheeling her kittycat in a baby stroller.",wanda_fathertoy.cha,2639,the,a,indefinite,a,declarative,prepositional,n/a,10.84,no,wanda,father,CHILD: \t uh huh.,"FATHER: \t she's all dressed up though, huh?",FATHER: \t I'm sure her mommy gave her some clothes.,FATHER: \t a necklace...,FATHER: \t you didn't wear your necklace today.,"FATHER: \t there's the necklace, right?",CHILD: \t uh huh.,FATHER: \t and a purse.,FATHER: \t looks like a purse.,FATHER: \t ...dressed up just like her.,"FATHER: \t okay, so she's wheeling her kittycat in a baby stroller.",FATHER: \t and what happens?,CHILD: \t she picked a flower.,n/a,indefinite
the cat doesn't look too happy.,wanda_fathertoy.cha,2903,the,a,definite,the,declarative,subject,n/a,10.85,no,wanda,father,FATHER: \t kind of like Titch.,CHILD: \t uh huh.,FATHER: \t yeah?,FATHER: \t maybe that's the way it is?,FATHER: \t I bet you.,FATHER: \t so is the cat happy?,FATHER: \t they're all happy.,FATHER: \t but is the cat happy?,CHILD: \t nope.,FATHER: \t no.,FATHER: \t the cat doesn't look too happy.,FATHER: \t so they try to go catch the cat.,FATHER: \t the little brother is kind of fed up with them.,n/a,definite
"okay, and Titch is just kind of, um, coming along for the ride... okay?",wanda_fathertoy.cha,3112,the,a,definite,the,interrogative,prepositional,n/a,10.86,yes,wanda,father,FATHER: \t so they're all tiptoeing after him.,FATHER: \t and Peter Policeman says...,"FATHER: \t ""come here kitty.""","FATHER: \t ""come here.""","FATHER: \t he's beckoning like Michael the Policeman did, right?",CHILD: \t yeah.,"FATHER: \t okay, and Mary Mother is pulling up her dress so she doesn't fall on her nose again.",FATHER: \t was it Mary that fell down or Peter that fell down?,CHILD: \t Peter.,"FATHER: \t ya, Peter.","FATHER: \t okay, and Titch is just kind of, um, coming along for the ride... okay?",FATHER: \t so where's the kittycat going?,CHILD: \t inside this pipe.,n/a,definite
a bottle of milk couldn't be twelve dollars.,wanda_mothertoy.cha,1842,the,a,indefinite,a,declarative,subject,n/a,10.87,yes,wanda,mother,"CHILD: \t twelve dollars, please.",MOTHER: \t twelve dollars!,MOTHER: \t for napkins?,MOTHER: \t that's very expensive.,CHILD: \t they're expensive these days.,MOTHER: \t I'm... I'm gonna have to tell my kids not to use so many napkins if they cost so much.,"MOTHER: \t okay, here's some sugar.",MOTHER: \t how much is the sugar?,CHILD: \t twelve dollars.,MOTHER: \t again.,MOTHER: \t a bottle of milk couldn't be twelve dollars.,MOTHER: \t how much is a bottle of milk?,CHILD: \t uh.,n/a,indefinite
that was a big one.,william_mothertoy.cha,1707,the,a,indefinite,a,declarative,object,big,10.88,yes,william,mother,MOTHER: \t what's the next number after the zero?,CHILD: \t four.,CHILD: \t one.,MOTHER: \t one.,MOTHER: \t what's that?,CHILD: \t four.,MOTHER: \t no.,MOTHER: \t it's two.,CHILD: \t what's all them.,CHILD: \t [noise],MOTHER: \t that was a big one.,"CHILD: \t now, push them all down.",MOTHER: \t push it back in you mean?,n/a,indefinite
you were at the old south church.,william_mothertoy.cha,1848,the,an,definite,the,declarative,prepositional,n/a,10.89,yes,william,mother,"INVESTIGATOR: \t hi, Willie.",CHILD: \t [noise],MOTHER: \t whoops. [laugh],CHILD: \t see?,INVESTIGATOR: \t hi.,INVESTIGATOR: \t my name's Esther Greif.,INVESTIGATOR: \t I'm associated with the…,CHILD: \t I'm painting something.,INVESTIGATOR: \t project.,MOTHER: \t right.,MOTHER: \t you were at the old south church.,CHILD: \t I'm painting something.,INVESTIGATOR: \t right.,n/a,definite
"this is a great car, isn't it?",xavia_mothertoy.cha,203,the,a,indefinite,a,interrogative,object,great,10.9,yes,xavia,mother,"CHILD: \t oh, that's the jack!",MOTHER: \t whoa!,"CHILD: \t there we go... we have a flat tire... jack so [laugh] I mean Paul, so we'll have to, um, put a little thing inside here.","CHILD: \t ...here's the jack, Paul.",CHILD: \t put the screwdriver away.,CHILD: \t put the jack in there.,MOTHER: \t didn't you forget something?,CHILD: \t what?,MOTHER: \t how can we drive this car?,CHILD: \t would ya…,"MOTHER: \t this is a great car, isn't it?",CHILD: \t there we go.,CHILD: \t put the wrench away.,n/a,indefinite