matched_term,file_name,match_line_number,know_option,think_option,verb,force,comp,subj,unique_id,child,interaction,context_pre_1,context_pre_2,context_pre_3,context_pre_4,context_pre_5,context_pre_6,context_pre_7,context_pre_8,context_pre_9,context_pre_10,matched_line,context_post_1,context_post_2,Sample_Set,factors
I know I definitely need cereal .,ursula_mothertoy.cha,864,know,think,know,declarative,declarative,1,1.021,ursula,mother,*MOT:	what do you  wanna do?,*MOT:	how  .,*MOT:	are you gonna  are we gonna buy something at the store?,*CHI:	no.,*CHI:	you  you buy . the money and then you git one.,*MOT:	am I supposed to buy thing from you?,*MOT:	are you a lady that works in the store?,"*CHI:	&um, yeah.",*MOT:	oh .. okay .. you're a lady that works there.,"*MOT:	let me see now, what would I like to buy today?",*MOT:	I know I definitely need cereal.,*MOT:	may  I have a box of Rice Krispies and a box of corn flakes?,*CHI:	&ah   we don't have Rice Krispies.,666,know-declarative-declarative
"I know you're <finished , > [>] Rachi .",john_dinner.cha,2188,know,think,know,declarative,declarative,1,1.003,john,dinner,*MOT:	Jimmy Carter would win.,*FAT:	I just wanted to make sure last time +/.,*MOT:	that .. what?,*SIS:	I going in there.,*MOT:	I don't think so.,*MOT:	because they're working in there.,*MOT:	and they don't want you to come there now.,*MOT:	after when they're finished you can come there.,*FAT:	they will be happy to have you +/.,*SIS:	and me finished.,"*MOT:	I know you're finished,   Rachi.",*SIS:	please .,*MOT:	how about something else?,666,know-declarative-declarative
I know it's not a big favor [=! laughing] .,victor_dinner.cha,3411,know,think,know,declarative,declarative,1,1.016,victor,dinner,*MOT: [imitates noise so cold]?,*MOT:	no thank_you.,*FAT:	&mm: boy.,*MOT: [snickers].,*FAT: [snickers and grunts]6. no thanks.,*MOT:	goes with the corn on 3. your chin.,"*FAT:	orange and yellow, it's very . xxx sunny ya know.",*CHI:	no?,*MOT:	no thanks I'm debating whether to tell you guys you can come to the,*FAT: [laughing don't do me any favors xxx].,*MOT:	I know it's not a big favor [laughing].,*MOT:	that's why I'm debating.,*FAT:	[laughs].,666,know-declarative-declarative
she knows I'm going away .,victor_dinner.cha,3667,knows,thinks,know,declarative,declarative,3,1.001,victor,dinner,*MOT:	you xxx can do that but the next week I will not be here.,*MOT:	I will be on the vineyard.,*FAT:	xxx.,*MOT:	and I have him.,*MOT:	I come back Saturday.,*CHI:	ee@b !,*FAT: [clears throat].,*FAT:	that's convenient [laughs].,*MOT:	[laughs].,*MOT:	&um Alice might keep him.,*MOT:	she knows I'm going away.,*MOT:	she's agreed to .. help out.,*MOT:	or whatever .,666,know-declarative-declarative
and I know you like little books .,victor_mothertoy.cha,1812,know,think,know,declarative,declarative,1,1.004,victor,mother,*MOT:	may I see?,*CHI:	don't take a peek.,*MOT:	[laughs take a peek]?,*CHI:	no.,*MOT:	don't take a peek.,*MOT:	would you like a story?,"*CHI:	what, Mama?",*MOT:	would you like a story?,*CHI:	yeah.,*MOT:	I saw a little tiny book over here.,*MOT:	and I know you like little books.,*CHI:	where?,*MOT:	over here.,666,know-declarative-declarative
I know he's awfully tired .,ursula_mothertoy.cha,2065,know,think,know,declarative,declarative,1,1.022,ursula,mother,"*MOT:	well the branch wasn't strong enough to hold him, so he's gonna",*CHI:	xxx.,"*MOT:	thud, right on the ground.",*MOT:	well . they're all kinda  battered and bruised and,*MOT:	there he .,*MOT:	look at him.,*MOT:	he's walking along behind just as . like nothing happened.,*MOT:	proud as can be .,*CHI:	is  is he a baby?,"*MOT:	no, I think he's kinda  tired out so they put him in",*MOT:	I know he's awfully tired.,*MOT:	look at him.,*MOT:	he ca  he's sitting down resting.,666,know-declarative-declarative
"I know it's your birthday and you got presents , but you still have_to eat your dinner .",charlie_dinner.cha,1525,know,think,know,declarative,declarative,1,1.015,charlie,dinner,*CHI:	xxx living room.,"*FAT:	you didn't lose it, you just left it in the living room.",*CHI:	why?,*FAT:	I don't know why.,*FAT:	why?,*CHI:	no.,"*FAT:	well, it's hard to eat with a baseball mitt on.",*FAT:	that's why.,"*CHI:	but Dad, I wanna see it.","*CHI:	Dad, it's my birthday and I get presents.","*FAT:	I know it's your birthday and you got presents, but you still have_to eat your dinner.",*CHI:	I don't want any: xxx.,*FAT:	sure you do.,666,know-declarative-declarative
I knew it kept spinning and it wasn't doing any good .,ursula_mothertoy.cha,3370,knew,thought,know,declarative,declarative,1,1.023,ursula,mother,*CHI:	that goes  in the back.,*MOT:	there's a thing that goes in the o@l.,*CHI:	&um .. this goes in the front because it  .,*MOT:	that's the wheel .,*MOT:	oh .,*CHI:	xxx .,*MOT:	that's why.,*MOT:	here.,*MOT:	this goes here.,*MOT:	that's why .,*MOT:	I knew it kept spinning and it wasn't doing any good.,*MOT:	there ya go.,*MOT:	this goes in here like this.,666,know-declarative-declarative
I know I hate those things too artificial corn holders .,victor_dinner.cha,1846,know,think,know,declarative,declarative,1,1.02,victor,dinner,*MOT:	[laughs they'd like you to][laughs schedule it more than].,*MOT:	.. except it's on my calendar.,*MOT:	she understanded  .,*FAT: [grunts].,*MOT:	[laughs].,*FAT:	&mm: xxx.,*FAT: [grunts].,*MOT:	she said they call you the night .,*MOT:	they call you one night .. during the week before you come and,*CHI:	those things out.,*MOT:	I know I hate those things too artificial corn holders.,*FAT:	well .,*FAT: [grunts].,666,know-declarative-declarative
"oh yeah , I know that's a_lot_of good stuff in there xxx .",katie_dinner.cha,2081,know,think,know,declarative,declarative,1,1.013,katie,dinner,*MOT:	we're not gonna eat here so you can have a xxx .,*AUN:	xxx  left over night is the night you guys go out [laughs].,*FAT:	gonna finish your muffin?,"*AUN:	no, I'll xxx  .",*MOT:	give  her time.,*MOT:	give her time.,*AUN:	I like leftovers.,"*MOT:	well, there's  there's xxx and there's macaroni .",*CHI:	&mm .,*CHI:	&mm .,"*AUN:	oh yeah, I know that's a_lot_of good stuff in there xxx.","*AUN:	Katie, it's left over night.",*CHI:	who?,666,know-declarative-declarative
I know you do .,victor_mothertoy.cha,195,know,think,know,declarative,declarative,1,1.008,victor,mother,*CHI:	soup?,*MOT:	maybe.,*MOT:	soup.,*CHI:	soup.,*CHI:	what's dis ?,*MOT:	that is .,*CHI:	what?,*MOT:	stuff you put in milk.,*MOT:	it's terrible it's all sugar.,*CHI:	I like sugar.,*MOT:	I know you do.,"*CHI:	what's dis , Mama?",*MOT:	that you know.,666,know-declarative-declarative
I know you have Rice Krispies here in the store someplace .,david_mothertoy.cha,315,know,think,know,declarative,declarative,1,1.005,david,mother,*MOT:	you're trying to make me buy everything.,*CHI:	no.,*CHI:	no.,*CHI:	because that's what you have_to have.,*MOT:	okay.,*MOT:	Mr Storeman.,"*MOT:	there's one thing that I really, really, really want.",*MOT:	and I would really appreciate it if you would get it for me.,*CHI:	what is that?,*MOT:	and that's some Rice Krispies.,*MOT:	I know you have Rice Krispies here in the store someplace.,*MOT:	can you find me some?,*CHI:	I don't have any.,666,know-declarative-declarative
no ya know Daddy wasn't home .,eddie_dinner.cha,992,know,think,know,declarative,declarative,2,1.002,eddie,dinner,*MOT:	xxx.,*MOT:	did you tell Daddy who had supper with us last night?,*MOT:	xxx.,*MOT:	who ate here last night?,*FAT:	I didn't see you last night .,*CHI:	Uncle Allen .,*FAT:	Allen who?,*CHI:	Allen Reed.,*FAT:	okay.,*FAT:	I didn't see you last night.,*MOT:	no ya know Daddy wasn't home.,*FAT:	tell me what you did last night.,"*MOT:	tell him, yeah  tell him what happened.",666,know-declarative-declarative
I know you don't .,helen_dinner.cha,526,know,think,know,declarative,declarative,1,1.006,helen,dinner,*MOT:	when is the corn gonna be ready?,*CHI:	yeah.,"*MOT:	oh, in about ten minutes.","*CHI:	Mommy, I want some more soup.",*MOT:	you do?,"*MOT:	alright here, I'll give you some of mine, okay?","*SIS:	Ma, I don't want any more .","*FAT:	you can have some more carrots,   too.",*MOT:	oh.,*SIS:	I don't want any more.,*MOT:	I know you don't.,*MOT:	it's alright 6..,"*CHI:	thank_you, Daddy.",666,know-declarative-declarative
"I know one of the wheels goes in here , right ?",andy_fathertoy.cha,1072,know,think,know,declarative,declarative,1,1.014,andy,father,*FAT:	yeah. ,*FAT:	you're right. ,*FAT:	does this red fellow go here? ,*FAT:	no. ,*FAT:	xxx. ,*CHI:	where is my place? ,*FAT:	xxx. ,*CHI:	where's my place? ,*FAT:	well I know one thing. ,*CHI:	what? ,"*FAT:	I know one of the wheels goes in here, right? ",*FAT:	xxx. ,*CHI:	that's not the wheel. ,666,know-declarative-declarative
yeah I know what he wants .,olivia_dinner.cha,567,know,think,know,declarative,interrogative,1,3.014,olivia,dinner,*FAT:	they're unreal.,*MOT:	was he xxx that night?,*FAT:	he was on that night yeah.,*FAT:	he's a good public relations man.,*FAT:	he sent residents to the party while he stayed in the hospital,*CHI:	wah  !,*CHI:	wah  !,*FAT:	all public relations.,*MOT:	oolee:   what's the matter ?,*CHI:	wah wah [high pitched noises].,*MOT:	yeah I know what he wants.,*MOT:	. you tired little fella?,*FAT:	are you tired little fella ?,666,know-declarative-interrogative
I know why I'm <standing up> [>] .,patricia_dinner.cha,2007,know,think,know,declarative,interrogative,1,3.003,patricia,dinner,*FAT:	I know.,"*FAT:	I showed her that, but xxx.",*FAT:	look at it after dinner if you want.,*FAT:	eat your pickle.,*FAT:	I gave you a pickle to eat.,*FAT:	Usher likes pickles.,*CHI:	mumnum  mummum  .,*MOT:	what.,*MOT:	is the  is the xxx gone?,*FAT:	alright.,*FAT:	I know why I'm standing up .,*FAT:	I wanna call Michael.,*MOT:	the french frys are all_gone.,666,know-declarative-interrogative
"I know what goes back here , Lisa .",wanda_mothertoy.cha,1000,know,think,know,declarative,interrogative,1,3.016,wanda,mother,*CHI:	Lisa.,"*MOT:	Debbie and Lisa, the two mechanics?",*CHI:	yeah.,"*MOT:	okay, Debbie   Debbie what do think we.",*CHI:	Debra .,*MOT:	should do?,*CHI:	&uh.,*MOT:	to fix this car?,*CHI:	I don't know.,"*MOT:	&um, let's see if I can remember what goes back here.","*MOT:	I know what goes back here, Lisa.",*MOT:	Debbie.,*MOT:	who are you?,666,know-declarative-interrogative
I know what it is .,guy_fathertoy.cha,2076,know,think,know,declarative,interrogative,1,3.013,guy,father,*FAT:	what have we done wrong?,"*FAT:	&hmm xxx perhaps try that now, Guy.",*CHI:	what?,*CHI:	what?,"*FAT:	try it  try it now, sweetheart.",*FAT:	I don't think that makes a difference.,*FAT:	do you know something?,*CHI:	what?,*FAT:	I think . we're doing something wrong.,*FAT:	&ah !,*FAT:	I know what it is.,*FAT:	I know.,*FAT:	let's take it off.,666,know-declarative-interrogative
&uh o:h now I know why they call it a Take_apart car [=! laughs] !,wanda_mothertoy.cha,481,know,think,know,declarative,interrogative,1,3.002,wanda,mother,*MOT:	you want to make it looser if you want to take it apart.,*CHI:	oh [coughs].,*CHI:	I wonder if the door's locked.,"*MOT:	oh, no.",*MOT:	it's not locked.,*MOT:	it's just closed so_that people walking up and down the hall won't,*CHI:	oh.,*MOT:	that's one more.,"*MOT:	okay ., who's going to take the tire off, me or you?",*MOT:	you.,*MOT:	&uh oh now I know why they call it a Take_apart car [laughs]!,*MOT:	that's one whole side of the car taken apart.,"*MOT:	here, we've got one more side of the car to take apart.",666,know-declarative-interrogative
"oh I know what you're gonna buy , too .",eddie_mothertoy.cha,1803,know,think,know,declarative,interrogative,1,3.007,eddie,mother,*CHI:	I don't want to.,*MOT:	okay do you wanna buy something from me?,*CHI:	no.,*MOT:	huh?,*CHI:	what?,*MOT:	would you like to buy something from me?,"*MOT:	I'll be a store lady, okay?",*CHI:	nah.,*MOT:	and  you come over and buy something.,*CHI:	no I wanna be .,"*MOT:	oh I know what you're gonna buy, too.",*CHI:	no I wanna be .,*MOT:	you wanna be the storeman?,666,know-declarative-interrogative
I know what happens .,guy_mothertoy.cha,2323,know,think,know,declarative,interrogative,1,3.0154,guy,mother,*MOT:	 you didn't lose your kitty.,*CHI:	sit.,*MOT:	sit kitty?,*CHI:	uhhuh.,*MOT:	&mm.,*MOT:	why?,*MOT:	is the kitty running too fast or something?,*CHI:	uhhuh.,*MOT:	&mm.,*MOT:	oh.,*MOT:	I know what happens.,*MOT:	the policeman says to the cat .,*MOT:	 come here cat.,666,know-declarative-interrogative
"course he knows where she is , he's peeking at her from behind the tree .",ursula_mothertoy.cha,1699,knows,thinks,know,declarative,interrogative,3,3.018,ursula,mother,*CHI:	me.,*MOT:	[laughs she's giving her kitty cat a li]ttle ride in the carriage,*CHI:	yeah.,*MOT:	oh oh [gasp]!,*MOT:	look what happened.,"*MOT:	she's bending over to pick a very pretty flower, and . the cat",*MOT:	cats don't usually like to ride too well so . he's trying to run,*MOT:	she turns around and she goes .,*MOT:	 oh no:.,*MOT:	she sees the blanket on the ground and the cat's gone.,"*MOT:	course he knows where she is, he's peeking at her from behind the tree.",*MOT:	she runs off to get a policeman because she cann't find her cat.,*MOT:	she's really kind of worried.,666,know-declarative-interrogative
we know where the people go .,andy_fathertoy.cha,1418,know,think,know,declarative,interrogative,1,3.017,andy,father,*FAT:	where do the red and the black screw go? ,*CHI:	and where does dis  go? ,*CHI:	and these two blue screws? ,*FAT:	I dunno . ,*FAT:	and what was holding the wheel? ,*FAT:	we didn't remember. ,*FAT:	we should have .. maybe even written some things down. ,"*FAT:	like what belongs where, &hmm? ",*CHI:	but we knew where dese  people go . ,*FAT:	yup  that we know. ,*FAT:	we know where the people go. ,*CHI:	I know where dese:  go. ,*FAT:	I wonder what holds in the spare tire? ,666,know-declarative-interrogative
"you know where to [//] where things go , right ?",andy_mothertoy.cha,1045,know,think,know,declarative,interrogative,2,3.001,andy,mother,*MOT:	okay. ,*CHI:	xxx back. ,*CHI:	I'll watch you. ,*MOT:	you'll watch me? ,*MOT:	you're not gonna help me? ,*MOT:	I'm not sure I could do it either. ,*CHI:	someone help us. ,"*MOT:	[laughs the blue screws go in front, right]? ",*MOT:	&th these are the headlights. ,*MOT:	you come help me. ,"*MOT:	you know where to  where things go, right? ",*MOT:	the people? ,*CHI:	the people belong inside it. ,666,know-declarative-interrogative
I know what we could do .,david_dinner.cha,1401,know,think,know,declarative,interrogative,1,3.008,david,dinner,*FAT:	I'm afraid we are  I think with your cream cheese and . &uh,"*FAT:	what're we gonna do when we wanna have a garlic bagel, David, or",*CHI:	we can &um.,*CHI:	you know what you can do?,*MOT:	what?,*SIS:	cream cheese and bagel on a . on a . &c  on a pretzel.,*MOT:	on a pretzel.,"*MOT:	oh, dear.","*MOT:	it's just not the same, though.",*CHI:	is that xxx.,*MOT:	I know what we could do., ,*CHI:	yeah !,666,know-declarative-interrogative
I know where that is .,eddie_dinner.cha,510,know,think,know,declarative,interrogative,1,3.006,eddie,dinner,*FAT:	now tell me what you did.,"*CHI:	well, you know where I went with Philip and baby Mark?","*FAT:	nope, where'd you go?",*CHI:	to the playground with Philip and baby Mark and Joel and Rachel,*FAT:	which playground was this ?,*FAT:	what playground was this?,*MOT:	Clarendon Street.,*CHI:	Clarendon Street.,*FAT:	oh yeah.,*FAT:	mhm.,*FAT:	I know where that is.,*MOT:	and who did we see when we was at the playground?,*CHI:	Yoye.,666,know-declarative-interrogative
I know what it is .,martin_dinner.cha,2690,know,think,know,declarative,interrogative,1,3.012,martin,dinner,*CHI:	0.,*MOT:	whyn't  you eat those potatoes?,*MOT:	you did a very nice job.,*MOT:	you ate all your scallops and your salad.,*MOT:	whyn't  you eat some potato?,*FAT:	what's the red stuff on the floor here ?,*CHI:	Daddy ate the scallops .,*MOT:	yeah [laughs but Daddy didn't eat too many of em].,"*FAT:	oh, God !",*FAT:	there's chopped up +/.,*MOT:	I know what it is.,*FAT:	chopped up crayon.,*CHI:	I eat too many of em .,666,know-declarative-interrogative
I know where they go .,frank_fathertoy.cha,659,know,think,know,declarative,interrogative,1,3.004,frank,father,*CHI:	this go in here?,*FAT:	I don't think so.,*FAT:	xxx something else goes in there first.,*FAT:	wait a minute.,*CHI:	what?,*FAT:	doesn't something go in there?,*FAT:	what about these.,*FAT:	where do they go?,*FAT:	&uh oh.,*FAT:	oh.,*FAT:	I know where they go.,*FAT:	you know where they go?,*FAT:	where?,666,know-declarative-interrogative
<I know what> [<] that is .,ursula_fathertoy.cha,3671,know,think,know,declarative,interrogative,1,3.01,ursula,father,*INV:	I brought you a present for today's visit.,"*CHI:	look, Daddy.","*FAT:	what's that, Urs?",*CHI:	I don't know.,*CHI:	I can't open it.,*CHI:	it's too tight to xxx.,*INV:	it is pretty tight.,*INV:	that's just for today's visit.,*FAT: [gasp].,*INV:	we have another present for her second visit .,*FAT:	I know what  that is.,*CHI:	what is it?,*FAT:	that's bubbles.,666,know-declarative-interrogative
do you know that this car comes apart ?,martin_mothertoy.cha,280,know,think,know,interrogative,declarative,2,4.012,martin,mother,*MOT:	do you know what this is?,*CHI:	xxx car xxx what's this?,*CHI:	xxx.,*MOT:	you wanna play with this car?,*MOT:	you want me to show you how it works?,*MOT:	do you know what  do you know what this is?,*MOT:	that's a screwdriver.,*CHI:	uhhuh I wanna use it.,*CHI:	xxx.,*MOT:	do you what takes a .,*MOT:	do you know that this car comes apart?,*MOT:	do you know that you can unscrew this right here?,*CHI:	yeah.,666,know-interrogative-declarative
do you know that you can unscrew this right here ?,martin_mothertoy.cha,284,know,think,know,interrogative,declarative,2,4.011,martin,mother,*CHI:	xxx car xxx what's this?,*CHI:	xxx.,*MOT:	you wanna play with this car?,*MOT:	you want me to show you how it works?,*MOT:	do you know what  do you know what this is?,*MOT:	that's a screwdriver.,*CHI:	uhhuh I wanna use it.,*CHI:	xxx.,*MOT:	do you what takes a .,*MOT:	do you know that this car comes apart?,*MOT:	do you know that you can unscrew this right here?,*CHI:	yeah.,*MOT:	that's right yeah look at that.,666,know-interrogative-declarative
did you know there was a store in here ?,ursula_fathertoy.cha,2011,know,think,know,interrogative,declarative,2,4.019,ursula,father,*FAT:	you're not . .,*CHI:	you hafta do it at the bottom and then it comes out like this.,*FAT:	oh?,*CHI:	yeah.,*CHI:	can you fix the car like this?,*FAT:	I'll tell you what.,*FAT:	why don't we .,*FAT:	Dad'll put the car back.,*FAT:	why don't you go take a look over here and see what they have at,*CHI:	what store?,*FAT:	did you know there was a store in here?,*CHI:	yeah.,*CHI:	xxx.,666,know-interrogative-declarative
do you <know daddy woke you up this morning> [>] ?,laurel_dinner.cha,2187,know,think,know,interrogative,declarative,2,4.015,laurel,dinner,"*FAT:	the other thing, tootsie .",*MOT:	yeah.,*CHI:	wanna get down now.,*CHI:	wanna get down.,"*MOT:	you know, you're gonna wake up at about ten o'clock and tell me",*FAT:	what time did you sleep till this morning?,*MOT:	she slept a long time.,*FAT:	she slept until I woke her up to &ge  to go to work .,"*MOT:	yeah, she slept a long time .",*FAT:	you  you know you slept until daddy hadda  wake you up,*FAT:	do you know daddy woke you up this morning ?,*MOT:	you was a very good girl this morning .,*CHI:	you woke me up when I got up.,666,know-interrogative-declarative
o:h did she know that was the cat in there ?,theresa_mothertoy.cha,196,know,think,know,interrogative,declarative,3,4.001,theresa,mother,*CHI:	yeah .,*MOT:	okay .,*MOT:	turn the page now?,*CHI:	yes.,*MOT:	okay.,*CHI:	and  and then  and then the &um +/.,*MOT:	xxx the picture first .,*CHI:	and then  the cat fell out when when she was &um picking the,*CHI:	and then  and then  then she no baby.,*CHI:	an the  an the  an the  an the  an the cloth fell out.,*MOT:	oh did she know that was the cat in there?,*MOT:	or xxx was the baby that she thought?,*CHI:	she thought that a cat was there.,666,know-interrogative-declarative
do you know that they go to school and they even have work to do in school ?,john_dinner.cha,220,know,think,know,interrogative,declarative,2,4.013,john,dinner,*FAT:	xxx.,*MOT:	anybody that's hungry.,*MOT:	come over here.,*FAT:	we're having supper.,*CHI:	xxx.,*FAT:	we're having supper right now.,*MOT:	as a matter of fact we're going to close the door here.,"*MOT:	no, no one is playing here.","*MOT:	no, I want to explain something to you.",*MOT:	Janet and Sandy are not playing now.,*MOT:	do you know that they go to school and they even have work to do in school?,*FAT:	and do you know something else?,*MOT:	can you get out some glass and stuff so we can   .,666,know-interrogative-declarative
did you know there was water on the other side ?,laurel_fathertoy.cha,628,know,think,know,interrogative,declarative,2,4.018,laurel,father,*FAT:	are they gonna get wet?,*CHI:	yeah.,*FAT:	do you think they'd better put their &sw .,*FAT:	look [gasp].,*FAT:	you're right.,*FAT:	look.,*FAT:	it's a hole that's gonna go into the water.,*FAT:	did you read this book before?,*FAT:	have you seen this book before?,*CHI:	no.,*FAT:	did you know there was water on the other side?,*FAT:	look.,*CHI:	hey .,666,know-interrogative-declarative
you know that we're going to go ?,theresa_dinner.cha,1060,know,think,know,interrogative,declarative,2,4.006,theresa,dinner,*CHI:	and then we saw some tom  tomato juice on somebod  on,*MOT:	xxx  ya know what I think?,*FAT:	&hmm.,*CHI:	what?,*MOT: [laughing I think you're making up a big story].,*CHI:	I'm not !,*FAT:	you know that  in about a month we're going to Florida?,*CHI:	Daddy: !,*CHI:	are you there?,*CHI:	what'd you say about .,*FAT:	you know that we're going to go?,*CHI:	yes !,*FAT:	we gonna fly a plane.,666,know-interrogative-declarative
you know that Betty's going to bring that dog to Israel ?,david_dinner.cha,561,know,think,know,interrogative,declarative,2,4.008,david,dinner,*MOT:	and .. a big cat.,*CHI:	a what +/.,*MOT:	and they were fighting with each_other.,"*CHI:	&uh, how did Betty stopped it?",*MOT:	she said .,*MOT:	 stop it you guys !,*CHI:	and did they do it?,"*MOT:	yeah, they did.",*CHI:	what?,"*MOT:	yeah, they stopped.",*MOT:	you know that Betty's going to bring that dog to Israel?,*MOT:	I don't believe it.,*FAT:	hm.,666,know-interrogative-declarative
do you know they don't have bagels in Israel ?,david_dinner.cha,1271,know,think,know,interrogative,declarative,2,4.01,david,dinner,*CHI:	I don't like these . anyway.,*FAT:	 would you eat them in a box?,*FAT:	 would you eat them with a .,*CHI:	xxx.,*FAT:	 not in a box.,*CHI:	not in a box.,*FAT:	 not with a fox .,*FAT:	 not in a house .,*CHI:	not in a box.,*MOT:	how bout with some lox?,*MOT:	do you know they don't have bagels in Israel?,*FAT:	no +/.,*MOT:	couldn't believe it.,666,know-interrogative-declarative
"you can see [/] you can see Michael's daddy play , you know Michael's daddy plays baseball (.) for the Red Sox ?",frank_dinner.cha,741,know,think,know,interrogative,declarative,2,4.009,frank,dinner,*MOT:	some rental agent just tried to make it sound better than it was.,*FAT:	they probably came in without a lease too.,*FAT:	they just there for such a short period.,*MOT:	oh they think  they're giving six week  six month leases.,*FAT:	oh.,"*MOT:	Frank, you stop that +/.",*FAT:	don't kick please.,*FAT:	you know what I got . for next month?,*CHI:	what?,*FAT:	two tickets for the Red Sox game.,"*MOT:	you can see  you can see Michael's daddy play, you know Michael's daddy plays baseball . for the Red Sox?",*MOT:	&um . something else.,*MOT:	what else?,666,know-interrogative-declarative
you know this surcharge thing that everybody got back ?,frank_dinner.cha,1040,know,think,know,interrogative,declarative,2,4.016,frank,dinner,*CHI:	I want it.,*MOT:	yeah.,*MOT:	I'll cut it.,*MOT:	I'll cut it.,*CHI:	xxx can have it.,*MOT:	ow.,*MOT:	ow.,*MOT:	ow ow ow.,*CHI:	where's the potatos ?,*MOT:	something about  .,*MOT:	you know this surcharge thing that everybody got back?,"*MOT:	well, he counted that as  as how much  as part of our",*FAT:	yeah.,666,know-interrogative-declarative
did you know cars come apart like this ?,laurel_mothertoy.cha,336,know,think,know,interrogative,declarative,2,4.02,laurel,mother,*MOT:	I haved to put your light switch back on.,*CHI:	xxx.,*MOT:	did you have a flat tire?,*MOT:	you're gonna put a new tire on?,*CHI:	mhm.,*MOT:	does this tire need to be taken off too?,*MOT:	do you know how to do that?,*CHI:	xxx.,*MOT:	do you like this car?,*CHI:	yeah.,*MOT:	did you know cars come apart like this?,*CHI:	xxx.,*CHI:	this xxx.,666,know-interrogative-declarative
you [/] you know you slept until daddy hadda [: had to] wake you up ?,laurel_dinner.cha,2180,know,think,know,interrogative,declarative,2,4.004,laurel,dinner,*FAT:	hang on.,"*FAT:	the other thing, tootsie .",*MOT:	yeah.,*CHI:	wanna get down now.,*CHI:	wanna get down.,"*MOT:	you know, you're gonna wake up at about ten o'clock and tell me",*FAT:	what time did you sleep till this morning?,*MOT:	she slept a long time.,*FAT:	she slept until I woke her up to &ge  to go to work .,"*MOT:	yeah, she slept a long time .",*FAT:	you  you know you slept until daddy hadda  wake you up?,*FAT:	do you know daddy woke you up this morning ?,*MOT:	you was a very good girl this morning .,666,know-interrogative-declarative
you know that [//] in about a month we're going to Florida ?,theresa_dinner.cha,1045,know,think,know,interrogative,declarative,2,4.007,theresa,dinner,*MOT:	xxx .,*FAT:	who?,*CHI:	I don't see any noisemakers &ha !,*MOT:	haha .,*CHI:	and then we saw some tom  tomato juice on somebod  on,*MOT:	xxx  ya know what I think?,*FAT:	&hmm.,*CHI:	what?,*MOT: [laughing I think you're making up a big story].,*CHI:	I'm not !,*FAT:	you know that  in about a month we're going to Florida?,*CHI:	Daddy: !,*CHI:	are you there?,666,know-interrogative-declarative
"you know what kind of fish that is , Helen ?",helen_dinner.cha,3056,know,think,know,interrogative,interrogative,2,6.011,helen,dinner,*CHI:	the telephone rock.,"*CHI:	dee@o, dee@o, dee@o, dee@o.","*CHI:	rock, rock, rock.","*CHI:	that's for me, Ma: xxx.",*FAT:	poopy?,*CHI:	what?,*FAT:	try a little more fish.,*CHI:	no: xxx.,*FAT:	just a little.,*CHI:	naw.,"*MOT:	you know what kind of fish that is, Helen?",*CHI:	what?,*MOT:	filet of sole.,666,know-interrogative-interrogative
do you know what she's wearing ?,nanette_mothertoy.cha,1924,know,think,know,interrogative,interrogative,2,6.276,nanette,mother,*MOT:	what's he doing?,*CHI:	what  what  what Puddy doing?,*MOT:	what is he doing?,*CHI:	&wh what's Puddy doing?,*MOT:	there's Puddy right there.,*MOT:	but look at the little boy.,*MOT:	the little boy is in the carriage.,*MOT:	I don't know.,*MOT:	this is a . funny mixed up story.,"*MOT:	oh, look_it, they're pretending now to have a tea party.",*MOT:	do you know what she's wearing?,*CHI:	a hat.,*MOT:	do you know what kind of hat that is?,666,know-interrogative-interrogative
<you know what> [<] lasagne is ?,charlie_fathertoy.cha,667,know,think,know,interrogative,interrogative,2,6.01,charlie,father,*CHI:	some sugar. ,*FAT:	sugar. ,*CHI:	chocolate. ,*FAT:	chocolate. ,*CHI:	Oreos. ,*FAT:	Oreos. ,*FAT:	oh I see something that I would love to have for lunch. ,*FAT:	not that. ,*FAT:	lasagne. ,*CHI:	&mm lasagne . ,*FAT:	you know what  lasagne is? ,*CHI:	yeah. ,*CHI:	hey where that box is? ,666,know-interrogative-interrogative
you know what a screw+driver (do)es Richard ?,richard_mothertoy.cha,2423,know,think,know,interrogative,interrogative,2,6.058,richard,mother,*MOT:	no .,*CHI:	right here ?,*CHI:	oh.,*CHI:	right here.,*MOT:	well . close.,*MOT:	bring the car back over here.,*MOT:	and I'll show you.,*MOT:	I'll help you with it.,*CHI:	okay.,*MOT:	but bring back the other pieces also.,*MOT:	you know what a screwdriver does Richard?,*CHI:	yeah.,*MOT:	what does a screwdriver do?,666,know-interrogative-interrogative
but you know what you could use this as ?,patricia_fathertoy.cha,971,know,think,know,interrogative,interrogative,2,6.096,patricia,father,"*FAT:	alright ., what's this?",*FAT:	do you know what this is?,*CHI:	what?,"*FAT:	we  your  your Emma and I don't drink any of this stuff, so",*FAT:	do you know what coffee .,*FAT:	do you have_to go to the bathroom?,*CHI:	no.,*FAT:	no.,*FAT:	&um it's a coffee .,*FAT:	coffee comes in here.,*FAT:	but you know what you could use this as?,*CHI:	what?,*FAT:	a what?,666,know-interrogative-interrogative
"hey , you know what would happen if I weren't holding on to this chair ?",charlie_dinner.cha,4176,know,think,know,interrogative,interrogative,2,6.1,charlie,dinner,"*CHI:	Ma, please get me out_of here.",*MOT:	first I have_to clean you off.,*MOT:	would you wait here?,*FAT:	hey !,*FAT:	what's up?,*CHI:	I don't want any.,*FAT:	you don't want any.,*FAT:	I think you have enough on your shirt . to last you through a,*MOT:	let's see your face.,*CHI: [noises].,"*FAT:	hey, you know what would happen if I weren't holding on to this chair?",*CHI:	what?,*FAT:	and you were climbing up on it like that?,666,know-interrogative-interrogative
do you know [/] do you know what this is ?,andy_mothertoy.cha,1186,know,think,know,interrogative,interrogative,2,6.237,andy,mother,*CHI:	where's my man ? ,*MOT:	okay can you   . ,*MOT:	can you put . ,*MOT:	oh the . ,*MOT:	that's the woman. ,*CHI:	here is my man. ,*CHI:	hey where   . ,*MOT:	okay  can you put a wheel back here? ,*MOT:	Andy can you  can you get this one in? ,*CHI:	bee: xxx. ,*MOT:	do you know  do you know what this is? ,*MOT:	well it goes back here. ,*CHI:	xxx. ,666,know-interrogative-interrogative
you know what she brought for em ?,laurel_mothertoy.cha,1591,know,think,know,interrogative,interrogative,2,6.171,laurel,mother,*MOT:	poor policeman hurt himself.,*MOT:	he has a little cane he's walking on.,*MOT:	and the little boy got into the carriage.,*MOT:	and the cat is walking behind him.,*MOT:	well.,*MOT:	I guess the little girl's gonna bring em all home.,*MOT:	let's see.,*MOT:	do you think she's gonna bring em into her house?,*CHI:	no.,*MOT:	oh.,*MOT:	you know what she brought for em?,*CHI:	xxx.,*MOT:	what does she have for them?,666,know-interrogative-interrogative
do you know what that is ?,patricia_mothertoy.cha,1415,know,think,know,interrogative,interrogative,2,6.259,patricia,mother,*CHI:	that what we have.,*MOT:	that's what we have?,*CHI:	yeah.,*MOT:	is ours a little one like this?,*CHI:	yes.,*MOT:	wow.,*MOT:	this one's old.,*MOT:	what else?,*CHI:	&um.,*MOT:	what else should we buy?,*MOT:	do you know what that is?,*CHI:	&um.,*CHI:	look at this.,666,know-interrogative-interrogative
you know when you use a jack ?,isadora_mothertoy.cha,2288,know,think,know,interrogative,interrogative,2,6.002,isadora,mother,*MOT:	isn't it?,*CHI:	yeah.,*MOT:	yeah.,*CHI:	now.,*CHI:	this goes like that.,*MOT:	mhm that's a .,*CHI:	now  .,*MOT:	you know what this is called?,*CHI:	what?,*MOT:	this is called a jack.,*MOT:	you know when you use a jack?,*CHI:	what?,*MOT:	when you have a flat tire.,666,know-interrogative-interrogative
you know how it works ?,isadora_mothertoy.cha,3231,know,think,know,interrogative,interrogative,2,6.177,isadora,mother,*INV:	you can do that.,*CHI:	xxx.,*MOT:	you wanna do that for a minute?,*INV:	hi.,*INV:	I brought you a present.,*INV:	you know what that is ?,*MOT:	oh look what you have .,*MOT:	what do you say?,*MOT:	what do you say?,*CHI:	thank_you.,*MOT:	you know how it works?,*INV:	oh.,*INV:	you do I think.,666,know-interrogative-interrogative
you know what happened ?,laurel_fathertoy.cha,1776,know,think,know,interrogative,interrogative,2,6.05,laurel,father,*FAT:	now put the other wheel back on.,*CHI:	this.,*FAT:	yep.,*FAT:	I'm glad you used the black one.,*FAT:	wanna use the black one or the red one?,*FAT:	is it on?,*CHI:	mhm.,*FAT:	let's see.,*FAT:	you know I think you've gotta sue the other .,*FAT:	let's see what [gasp].,*FAT:	you know what happened?,*CHI:	what?,*FAT:	the nut .,666,know-interrogative-interrogative
and you know what she (do)es ?,guy_mothertoy.cha,2706,know,think,know,interrogative,interrogative,2,6.17,guy,mother,*MOT:	the cat goes up the tree.,*MOT:	and you know what happens when cats go up trees?,*MOT:	it's hard to find them.,*MOT:	but the policeman grabs the kitty.,*MOT:	&uh oh.,*MOT:	they fall down.,*MOT:	mhm.,*MOT:	you know what I discovered?,*CHI:	what?,*MOT:	this lady . is a nurse like nurse Mathilda.,*MOT:	and you know what she does?,*MOT:	she puts on her nursing costume.,*MOT:	see it?,666,know-interrogative-interrogative
do you know what that is ?,laurel_fathertoy.cha,2125,know,think,know,interrogative,interrogative,2,6.267,laurel,father,*CHI:	hunhunh.,*FAT:	I don't see one.,*FAT:	well.,*FAT:	I guess it didn't.,*FAT:	you wanna put that on?,*CHI:	what?,*CHI:	xxx .,*FAT:	xxx .,*FAT:	put the steeringwheel back on.,*FAT:	whet's  that?,*FAT:	do you know what that is?,*CHI:	xxx.,*FAT:	what is it?,666,know-interrogative-interrogative
"(o)kay , do you know where to put that ?",frank_mothertoy.cha,1817,know,think,know,interrogative,interrogative,2,6.193,frank,mother,*MOT:	is there another one?,*MOT:	another color?,*CHI:	&ah . there's only three.,*MOT:	how bout that yellow one?,*CHI:	this one?,*MOT:	yeah.,*MOT:	but there should be another yellow one.,*MOT:	oh there it is underneath there.,*MOT:	okay.,*CHI:	where?,"*MOT:	okay, do you know where to put that?",*CHI:	yeah.,*CHI:	like this?,666,know-interrogative-interrogative
"I think they're all empty , pet .",olivia_fathertoy.cha,685,know,think,think,declarative,declarative,1,2.17,olivia,father,*FAT:	put the milk in it.,*CHI:	huh?,*FAT:	haven't you got a bottle of milk?,*CHI:	no.,"*FAT:	yes, ya have.",*FAT:	there's the pretend bottle of milk.,*FAT:	can I have some [slurping sounds]?,*CHI:	[laughs no].,*CHI:	it goes up here.,*FAT:	okay.,"*FAT:	I think they're all empty, pet.",*FAT:	every one of them are empty.,*CHI:	what's in here?,666,think-declarative-declarative
I thought you were my baby .,laurel_fathertoy.cha,2515,knew,thought,think,declarative,declarative,1,2.212,laurel,father,*CHI:	yeah.,*CHI:	what would you like to take home.,*FAT:	well.,*FAT:	what do you want me to take home?,*CHI:	xxx.,*CHI:	what  what you want to take home for your baby?,*FAT:	well.,*FAT:	who's my baby?,*CHI:	Nancy.,*FAT:	Nancy's my baby?,*FAT:	I thought you were my baby.,*CHI:	Nancy is.,*FAT:	no.,666,think-declarative-declarative
"oh , I thought you did .",xavia_fathertoy.cha,2058,knew,thought,think,declarative,declarative,1,2.209,xavia,father,*CHI:	how do ya get this back out?,*CHI:	how do you get this in?,*CHI:	there.,*CHI:	it's in.,*FAT:	okay.,*CHI:	I got the jack !,"*FAT:	well, wait.",*FAT:	you didn't put the tire on.,*FAT:	don't you know?,"*CHI:	yeah, I know.","*FAT:	oh, I thought you did.",*FAT:	.. I think it's all set.,*CHI:	you're right.,666,think-declarative-declarative
but Craig isn't so &ha [/] happy any more cause he thought he was going to be able to get it .,susan_mothertoy.cha,2335,knew,thought,think,declarative,declarative,3,2.022,susan,mother,*MOT:	 you have_to be gentle with my pussy cat.,*MOT:	the pussy cat gets off of Charlie's face and starts running up .,*MOT:	this pussy cat is really trying very hard not to get caught.,*MOT:	he climbs up the tree and he jumps over to this branch.,*MOT:	now he doesn't have any place to go so Charlie reaches over and,*MOT:	and that doesn't bother the pussy cat.,*MOT:	cats don't mind being picked up that way.,*CHI:	ouch.,*MOT:	oh I'm sorry.,*MOT:	&um and here's Mathilda ever: so happy . that Charlie got the cat,*MOT:	but Craig isn't so &ha  happy any more cause he thought he was going to be able to get it.,*MOT:	just then what: happens?,*MOT:	look_it there.,666,think-declarative-declarative
I think it is .,katie_mothertoy.cha,166,know,think,think,declarative,declarative,1,2.323,katie,mother,*CHI:	what's that?,*MOT:	that's just a  a &s  a piano I think.,*MOT:	I don't know.,*MOT:	can you read me the story though?,*MOT:	tell me what's in this book.,*CHI:	I wanna play the piano.,*CHI:	well.,*MOT:	we will after we read the story.,*MOT:	let's do the story first.,*CHI:	is this a piano?,*MOT:	I think it is.,*MOT:	we'll open it up in a minute.,*CHI:	what?,666,think-declarative-declarative
I think you might like them .,nanette_dinner.cha,221,know,think,think,declarative,declarative,1,2.062,nanette,dinner,*FAT:	did you buy these fresh?,*MOT:	yeah.,*MOT:	I just bought them today.,*MOT:	they're like  .,*FAT:	that's  why.,"*MOT:	oh, cause they was out_of season ?",*CHI:	they're hot .,*FAT:	you haven't   you haven seen then that fresh.,*MOT:	that's what it is.,*MOT:	but they're  they're like little cabbages.,*MOT:	I think you might like them.,"*MOT:	they might be too hot, though.",*MOT:	try it and see.,666,think-declarative-declarative
I think we forgot xxx .,laurel_mothertoy.cha,673,know,think,think,declarative,declarative,1,2.124,laurel,mother,*MOT:	this's a screw.,*MOT:	okay?,*MOT:	put that in there.,*MOT:	and can you push it in with the screwdriver?,*MOT:	or with your hands if you want?,*MOT:	oh.,*MOT:	that went in easy.,*CHI:	xxx.,*CHI:	xxx .,"*MOT:	you know what I think  we forgot, Laurie?",*MOT:	I think we forgot xxx.,*MOT:	I don't know where this goes.,*MOT:	do you remember where it goes?,666,think-declarative-declarative
but I think they're gonna put it there by themselves once they assemble it .,john_mothertoy.cha,1374,know,think,think,declarative,declarative,1,2.166,john,mother,*MOT:	put it in here.,*MOT:	you know why?,*MOT:	because it won't fit in here.,*MOT:	oh.,*MOT:	it might.,*MOT:	yeah.,*MOT:	I don't know.,*MOT:	guess you can leave it.,*MOT:	that's the way we found it.,*MOT:	that is the box for the car.,*MOT:	but I think they're gonna put it there by themselves once they assemble it.,*MOT:	you did find the box.,*MOT:	I didn't even realize it was here.,666,think-declarative-declarative
I think I will .,andy_dinner.cha,1656,know,think,think,declarative,declarative,1,2.298,andy,dinner,*CHI:	no I &di . ,*MOT:	because   . ,*CHI:	but I won   ! ,*MOT:	you haven't even  finished yet. ,*CHI:	but I won ! ,*MOT:	Andy ! ,*CHI:	I did finish. ,*CHI:	I won. ,*FAT:	you're not gonna eat that watermelon? ,*CHI:	uhuh. ,*FAT:	I think I will. ,*CHI:	all finished. ,*MOT:	okay. ,666,think-declarative-declarative
I think that maybe we're not supposed to open it .,nanette_mothertoy.cha,1096,know,think,think,declarative,declarative,1,2.417,nanette,mother,*MOT:	there's nothing in the box.,"*MOT:	this, Nanette, is  is baby oatmeal.",*MOT:	this is .,*MOT:	when you were a little tiny baby the first thing I ever gave you to,*MOT:	and it came in a little tiny box like this.,*MOT:	and you only haved a little table spoonful.,*MOT:	you eat a lot more than that now.,*CHI:	it's too hard for me.,*MOT:	I know.,*MOT:	it was too hard for me too.,*MOT:	I think that maybe we're not supposed to open it.,*MOT:	that's why it's so hard.,"*CHI:	you xxx have that, Mommy.",666,think-declarative-declarative
I think this is a funny funny book that doesn't have any words .,isadora_mothertoy.cha,2410,know,think,think,declarative,declarative,1,2.153,isadora,mother,*MOT:	what?,*MOT:	come here.,*MOT:	can you bring your chair over?,*MOT:	and we'll  look at this book.,*CHI:	yeah .,*CHI:	I'm  I'm xxx .,*CHI:	I'm wanna  play in the store.,*CHI:	Mommy +/.,*MOT:	you know what?,*CHI:	xxx.,*MOT:	I think this is a funny funny book that doesn't have any words.,*MOT:	where did   where did we find a.,*CHI:	why ?,666,think-declarative-declarative
I [>] think you fixed everything .,xavia_mothertoy.cha,578,know,think,think,declarative,declarative,1,2.076,xavia,mother,*CHI:	okay.,*CHI:	it's alright.,*CHI:	I think it is .,"*CHI:	oh good, Paul.",*CHI:	I'm such a .,"*CHI:	there, that's that.",*CHI:	&uh now  I can put the driver back in the car and I can get,"*CHI:	oh, I forgot something.",*MOT:	have you forgotten something.,"*MOT:	I cann't think of anything, can you?",*MOT:	I  think you fixed everything.,*CHI:	that .,*CHI:	no I didn't.,666,think-declarative-declarative
"honey , I really think it's gonna be too late .",david_dinner.cha,349,know,think,think,declarative,declarative,1,2.253,david,dinner,"*CHI:	I wanna do it, too.",*FAT:	and some comedians.,"*CHI:	I wanna come, too.",*CHI:	we can .,*CHI:	I wanna bring a blanket.,*CHI:	cause I .,"*CHI:	Mommy, please?",*MOT:	no .,*CHI:	can I ?,*MOT:	I  .,"*MOT:	honey, I really think it's gonna be too late.",*CHI:	I still wanna go.,*MOT:	you do.,666,think-declarative-declarative
I think we oughta try an put this car back together again .,ursula_mothertoy.cha,2122,know,think,think,declarative,declarative,1,2.116,ursula,mother,*MOT:	and the little girl .,*MOT:	I dunno  what she's up to.,*MOT:	oh she says .,*MOT:	wait a minute.,"*MOT:	and she goes in the house, and she comes out with some iced tea",*MOT:	oh !,*MOT:	she figures they need a little refreshment after trying to catch,"*MOT:	they all look rather happy, don't they?",*CHI:	now  now can we .,*MOT:	I think you know what we oughta do?,*MOT:	I think we oughta try an put this car back together again.,*CHI:	but how can  can you .,*MOT:	the way we found it .,666,think-declarative-declarative
I think this is called a wrench .,patricia_mothertoy.cha,121,know,think,think,declarative,declarative,1,2.147,patricia,mother,*CHI:	a banger.,*MOT:	a what?,*CHI:	a banger.,*MOT:	a banger?,*CHI:	yeah.,*MOT:	oh?,*MOT:	what's a banger?,*CHI:	like a screwdriver.,*MOT:	that's like a screwdriver.,*MOT:	very good.,*MOT:	I think this is called a wrench.,*CHI:	yeah.,*MOT:	yes.,666,think-declarative-declarative
you think there might be some money in there ?,laurel_mothertoy.cha,1744,know,think,think,interrogative,declarative,2,5.01,laurel,mother,*MOT:	this is a little store.,*MOT:	you know when I go to the store?,*MOT:	I buy food.,*MOT:	and then the lady rings it all up on the cash register.,*CHI:	yeah.,*MOT:	would you like  would you like for me to buy food?,*CHI:	you play xxx.,*CHI:	xxx put this xxx.,*MOT:	I wonder if they have some money to play with.,*MOT:	you think so?,*MOT:	you think there might be some money in there?,*CHI:	yeah.,*MOT:	how do we open this?,666,think-interrogative-declarative
do you think we should put this back together <again (.) alright [= alright] oh> [>] .,bobby_fathertoy.cha,3078,know,think,think,interrogative,declarative,2,5.057,bobby,father,*FAT:	we're all done. ,*FAT:	okay. ,"*INV:	hi, Bobby. ",*CHI:	hi. ,*FAT:	wanna hurry up and put it back together again. ,*CHI:	yeah. ,"*INV:	Bobby, thank_you very much for coming we have a present for you.",*FAT: [gasp what do you say]. ,*CHI:	thank_you. ,*INV:	you'll welcome. ,*FAT:	do you think we should put this back together again . alright  oh . ,*INV:	oh oh no leave it . ,*INV:	xxx Bobby  while we'll waiting you can hang around in here .,666,think-interrogative-declarative
do you think they can get in there ?,bobby_mothertoy.cha,1832,know,think,think,interrogative,declarative,2,5.069,bobby,mother,*CHI:	them  them  them not pat the kitty.,*MOT:	why?,*CHI:	cause he jump  cause he jump  jump xxx.,*MOT:	jump?,*CHI:	yeah.,*MOT:	what's the kitty cat doing?,*CHI:	running away.,"*MOT:	alright, now where's he gonna go?",*CHI:	xxx.,*MOT:	right.,*MOT:	do you think they can get in there?,*CHI:	xxx.,*MOT:	are they gonna follow him?,666,think-interrogative-declarative
you think that's the way she's viewing it ?,charlie_dinner.cha,3754,know,think,think,interrogative,declarative,2,5.014,charlie,dinner,*MOT:	I  I agree but &y your speaking from   the,"*FAT:	well, e  even  even from a <human &uh . from an aesthetic",*CHI:	I spilled some  .,"*CHI:	I spilled some, I spilled some, I spilled some, I spilled some","*FAT:	<I think there's some  supposed to be, what twice as many",*FAT:	does she want that?,*MOT:	I don't know whether she .,"*CHI:	I spilled, I spilled, I spilled .",*FAT:	it seems to me she's taking very much in the attitude of .,*FAT:	 I find pleasure in it right now and it's somebody else's problem,*MOT:	you think that's the way she's viewing it?,*CHI:	I spilled it.,*CHI:	I spilled    .,666,think-interrogative-declarative
you think it sits there and holds up the car maybe ?,wanda_fathertoy.cha,632,know,think,think,interrogative,declarative,2,5.022,wanda,father,*FAT:	what is this?,*FAT:	I don't know what this is.,"*FAT:	okay, go ahead.",*CHI:	what ya hafta do?,*FAT:	I'm not quite sure.,*CHI:	I think you hafta hold that.,"*FAT:	oh, I see what this is.","*FAT:	oh, this was a jack.",*CHI:	what does it do?,*FAT:	I think  I think that's what I thought it was.,*FAT:	you think it sits there and holds up the car maybe?,*CHI:	yeah.,*FAT:	okay.,666,think-interrogative-declarative
you think that's funny ?,ursula_mothertoy.cha,2010,know,think,think,interrogative,declarative,2,5.015,ursula,mother,*MOT:	he climbs: up the tree.,*CHI:	[laughs].,"*MOT:	the kitty cat's hanging on by one limb, grabs a hold of him.",*CHI: [giggles].,*MOT:	whoops: there goes the branch.,*MOT:	it's ready to crack.,*MOT:	oh oh.,*MOT:	there it goes snap !,*MOT:	he's fallen down.,*CHI:	[laughs].,*MOT:	you think that's funny?,*CHI:	[laughs what happened]?,*MOT:	xxx  the man .,666,think-interrogative-declarative
do you think he'll be home later ?,katie_mothertoy.cha,610,know,think,think,interrogative,declarative,2,5.105,katie,mother,*CHI:	tummy's hurt.,*MOT:	your tummy hurts?,*CHI:	yeah.,"*MOT:	you still don't feel well, do you?",*CHI:	I still don't feel well.,*MOT:	did you have medicine today?,*CHI:	I did.,*MOT:	was Daddy home when you left?,*MOT:	no.,*CHI:	Daddy's not home.,*MOT:	do you think he'll be home later?,*CHI:	yeah.,*MOT:	where's Louise?,666,think-interrogative-declarative
do you think that cat looks happy ?,charlie_fathertoy.cha,2789,know,think,think,interrogative,declarative,2,5.083,charlie,father,*FAT:	but he after all caught the cat. ,"*FAT:	so why should she complain, right? ",*CHI:	right. ,*FAT:	and then the cat is about to go up the tree. ,*CHI:	yeah. ,*FAT:	yeah and xxx . ,*FAT:	look he scratched the policeman's face off. ,*FAT:	and then . the policeman's trying to catch the cat. ,*FAT:	and here . he got him. ,*FAT:	what do you think the cat . ,*FAT:	do you think that cat looks happy? ,*CHI:	no he looks mad. ,*FAT:	he looks mad. ,666,think-interrogative-declarative
do you think you might like to try the car again ?,olivia_mothertoy.cha,2590,know,think,think,interrogative,declarative,2,5.041,olivia,mother,*MOT:	&hmm?,*CHI:	where'd ya sleep?,*MOT:	go  I'm gonna go into my bed.,*CHI:	huh?,*MOT:	can I sleep in your bed?,*MOT:	no?,*CHI:	no.,*MOT:	can I go on the sofa?,*INV:	0.,*CHI:	Sandy.,*INV:	do you think you might like to try the car again?,*MOT:	the car?,*MOT:	okay.,666,think-interrogative-declarative
you think you can fix my car next time it breaks ?,laurel_mothertoy.cha,438,know,think,think,interrogative,declarative,2,5.005,laurel,mother,*MOT:	well.,*MOT:	you have_to use a screwdriver.,*MOT:	use the screwdriver.,*MOT:	is it hard to turn?,*MOT:	I bet you can do it.,*MOT:	here.,*MOT:	let's do it together.,"*MOT:	let's turn it this way, Laurie.",*MOT:	this way.,*MOT:	there we go.,*MOT:	you think you can fix my car next time it breaks?,*CHI:	xxx.,*MOT:	very good.,666,think-interrogative-declarative
well (.) do you think it goes in there ?,bobby_mothertoy.cha,1156,know,think,think,interrogative,declarative,2,5.1,bobby,mother,*CHI:	ow.,"*MOT:	okay, alright, how about can I have some coffee?",*CHI:	xxx coffee.,"*MOT:	alright, all I have is four cents.",*MOT:	is that enough?,*CHI:	yep.,*MOT:	okay.,*CHI:	xxx.,*MOT:	alright.,*CHI:	xxx in here.,*MOT:	well . do you think it goes in there?,*CHI:	yeah.,*MOT:	what about all the other money?,666,think-interrogative-declarative
<you think> [<] that might be a good idea ?,ursula_fathertoy.cha,1147,know,think,think,interrogative,declarative,2,5.017,ursula,father,*CHI:	it's  it's used for cars to  when there's something wrong,*FAT:	uhhuh.,*CHI:	xxx I'm all done now I'm almost xxx .,*FAT:	well  you didn't take it off though.,*FAT:	don't you think we should take that off?,*FAT:	how bout  if Dad takes it off?,*CHI:	yeah .,*FAT:	and you try to put it back together again?,*CHI:	yeah.,*CHI:	take   .,*FAT:	you think  that might be a good idea?,*CHI:	yeah +/.,*FAT:	well let's  try that.,666,think-interrogative-declarative
do you think they'd better put their &sw +...,laurel_fathertoy.cha,600,know,think,think,interrogative,declarative,2,5.067,laurel,father,*FAT:	yeah.,*FAT:	what is that?,*FAT:	do you know?,*CHI:	hole.,*CHI:	and they're gonna fall in the water.,*FAT:	they're gonna fall in the water?,*CHI:	yeah.,*FAT:	oh.,*FAT:	are they gonna get wet?,*CHI:	yeah.,*FAT:	do you think they'd better put their &sw .,*FAT:	look [gasp].,*FAT:	you're right.,666,think-interrogative-declarative
do you think they'll ever catch that cat ?,laurel_mothertoy.cha,1236,know,think,think,interrogative,declarative,2,5.065,laurel,mother,"*MOT:	and what happened, Laurie?",*CHI:	they fell xxx.,*MOT:	they sure did.,*CHI:	why did he?,*MOT:	because he didn't know the water was there.,*MOT:	and he stepped out_of the pipe and went right into the water.,*MOT:	and the cat .,*MOT:	what did the cat do?,*CHI:	ran away.,*MOT:	yeah.,*MOT:	do you think they'll ever catch that cat?,*CHI:	no.,*MOT:	well.,666,think-interrogative-declarative
"no , did you think that Mommy would be or is it somebody else ?",wanda_dinner.cha,903,know,think,think,interrogative,declarative,2,5.117,wanda,dinner,*CHI:	no it was broken.,*FAT:	yeah it  y  you just turned it and it came out?,*CHI:	yeah.,*FAT:	you just turned it on once?,*CHI:	yeah I tried to put it back because I thought ..,*FAT:	[laughs].,*MOT:	[laughs].,*CHI:	she would be mad at me.,*MOT:	you thought I'd be mad at you?,*MOT:	now I'm not understanding.,"*FAT:	no, did you think that Mommy would be or is it somebody else?",*CHI:	Mommy would be mad.,*FAT:	oh.,666,think-interrogative-declarative